Position,Residue,Binding Site
1,MET,No
2,GLN,No
3,THR,No
4,ILE,No
5,LYS,No
6,CYS,No
7,VAL,No
8,VAL,No
9,VAL,No
10,GLY,No
11,ASP,No
12,VAL,No
13,ALA,No
14,VAL,No
15,GLY,No
16,LYS,No
17,THR,No
18,CYS,No
19,LEU,No
20,LEU,No
21,ILE,No
22,SER,No
23,TYR,No
24,THR,No
25,THR,No
26,ASN,No
27,LYS,No
28,PHE,No
29,PRO,No
30,SER,No
31,GLU,No
32,TYR,No
33,VAL,No
34,PRO,No
35,THR,No
36,VAL,No
37,PHE,No
38,ASP,No
39,ASN,No
40,TYR,No
41,ALA,No
42,VAL,No
43,THR,No
44,VAL,No
45,MET,No
46,ILE,No
47,GLY,No
48,GLY,No
49,GLU,No
50,PRO,No
51,TYR,No
52,THR,No
53,LEU,No
54,GLY,No
55,LEU,No
56,PHE,No
57,ASP,No
58,THR,No
59,ALA,No
60,GLY,No
61,GLN,No
62,GLU,No
63,ASP,No
64,TYR,No
65,ASP,No
66,ARG,No
67,LEU,No
68,ARG,No
69,PRO,No
70,LEU,No
71,SER,No
72,TYR,No
73,PRO,No
74,GLN,No
75,THR,No
76,ASP,No
77,VAL,No
78,PHE,No
79,LEU,No
80,VAL,No
81,CYS,No
82,PHE,No
83,SER,No
84,VAL,No
85,VAL,No
86,SER,No
87,PRO,No
88,SER,No
89,SER,No
90,PHE,No
91,GLU,No
92,ASN,No
93,VAL,No
94,LYS,No
95,GLU,No
96,LYS,No
97,TRP,No
98,VAL,No
99,PRO,No
100,GLU,No
101,ILE,No
102,THR,No
103,HIS,No
104,HIS,No
105,CYS,No
106,PRO,No
107,LYS,No
108,THR,No
109,PRO,No
110,PHE,No
111,LEU,No
112,LEU,No
113,VAL,No
114,GLY,No
115,THR,No
116,GLN,No
117,ILE,No
118,ASP,No
119,LEU,No
120,ARG,No
121,ASP,No
122,ASP,No
123,PRO,No
124,SER,No
125,THR,No
126,ILE,No
127,GLU,No
128,LYS,No
129,LEU,No
130,ALA,No
131,LYS,No
132,ASN,No
133,LYS,No
134,GLN,No
135,LYS,No
136,PRO,No
137,ILE,No
138,THR,No
139,PRO,No
140,GLU,No
141,THR,No
142,ALA,No
143,GLU,No
144,LYS,No
145,LEU,No
146,ALA,No
147,ARG,No
148,ASP,No
149,LEU,No
150,LYS,No
151,ALA,No
152,VAL,No
153,LYS,No
154,TYR,No
155,VAL,No
156,GLU,No
157,CYS,No
158,SER,No
159,ALA,No
160,LEU,No
161,THR,No
162,GLN,No
163,LYS,No
164,GLY,No
165,LEU,No
166,LYS,No
167,ASN,No
168,VAL,No
169,PHE,No
170,ASP,No
171,GLU,No
172,ALA,No
173,ILE,No
174,LEU,No
175,ALA,No
176,ALA,No
177,LEU,No
178,GLU,No
179,PRO,No
180,PRO,No
181,GLU,No
182,PRO,No
183,LYS,No
184,LYS,No
185,SER,No
186,ARG,No
187,ARG,No
188,CYS,No
189,VAL,No
190,LEU,No
191,MET,No
192,GLN,No
193,THR,No
194,ILE,No
195,LYS,No
196,CYS,No
197,VAL,No
198,VAL,No
199,VAL,No
200,GLY,Yes
201,ASP,Yes
202,VAL,Yes
203,ALA,Yes
204,VAL,Yes
205,GLY,Yes
206,LYS,Yes
207,THR,Yes
208,CYS,Yes
209,LEU,Yes
210,LEU,No
211,ILE,No
212,SER,No
213,TYR,No
214,THR,No
215,THR,No
216,ASN,No
217,LYS,No
218,PHE,Yes
219,PRO,Yes
220,SER,Yes
221,GLU,No
222,TYR,No
223,VAL,Yes
224,PRO,Yes
225,THR,Yes
226,VAL,No
227,PHE,No
228,ASP,No
229,ASN,No
230,TYR,No
231,ALA,No
232,VAL,No
233,THR,No
234,VAL,No
235,MET,No
236,ILE,No
237,GLY,No
238,GLY,No
239,GLU,No
240,PRO,No
241,TYR,No
242,THR,No
243,LEU,No
244,GLY,No
245,LEU,No
246,PHE,No
247,ASP,Yes
248,THR,Yes
249,ALA,No
250,GLY,No
251,GLN,Yes
252,GLU,No
253,ASP,No
254,TYR,No
255,ASP,No
256,ARG,No
257,LEU,No
258,ARG,No
259,PRO,No
260,LEU,No
261,SER,No
262,TYR,No
263,PRO,No
264,GLN,No
265,THR,No
266,ASP,No
267,VAL,No
268,PHE,No
269,LEU,No
270,VAL,No
271,CYS,No
272,PHE,No
273,SER,No
274,VAL,No
275,VAL,No
276,SER,No
277,PRO,No
278,SER,No
279,SER,No
280,PHE,No
281,GLU,No
282,ASN,No
283,VAL,No
284,LYS,No
285,GLU,No
286,LYS,No
287,TRP,No
288,VAL,No
289,PRO,No
290,GLU,No
291,ILE,No
292,THR,No
293,HIS,No
294,HIS,No
295,CYS,No
296,PRO,No
297,LYS,No
298,THR,No
299,PRO,No
300,PHE,No
301,LEU,No
302,LEU,No
303,VAL,No
304,GLY,No
305,THR,Yes
306,GLN,Yes
307,ILE,Yes
308,ASP,Yes
309,LEU,Yes
310,ARG,No
311,ASP,No
312,ASP,No
313,PRO,No
314,SER,No
315,THR,No
316,ILE,No
317,GLU,No
318,LYS,No
319,LEU,No
320,ALA,No
321,LYS,No
322,ASN,No
323,LYS,No
324,GLN,No
325,LYS,No
326,PRO,No
327,ILE,No
328,THR,No
329,PRO,No
330,GLU,No
331,THR,No
332,ALA,No
333,GLU,No
334,LYS,No
335,LEU,No
336,ALA,No
337,ARG,No
338,ASP,No
339,LEU,No
340,LYS,No
341,ALA,No
342,VAL,No
343,LYS,No
344,TYR,No
345,VAL,No
346,GLU,No
347,CYS,Yes
348,SER,Yes
349,ALA,Yes
350,LEU,Yes
351,THR,Yes
352,GLN,No
353,LYS,No
354,GLY,No
355,LEU,No
356,LYS,No
357,ASN,No
358,VAL,No
359,PHE,No
360,ASP,No
361,GLU,No
362,ALA,No
363,ILE,No
364,LEU,No
365,ALA,No
366,ALA,No
367,LEU,No
368,GLU,No
369,PRO,No
370,PRO,No
371,GLU,No
372,PRO,No
373,LYS,No
374,LYS,No
375,SER,No
376,ARG,No
377,ARG,No
378,CYS,No
379,VAL,No
380,LEU,No
381,GDP,No
382,MG1,No
383,HOH,No
384,HOH,No
385,HOH,No
386,HOH,No
387,HOH,No
