File,Res,SS,ASA,Phi,Psi,Theta(i-1=>i+1),Tau(i-2=>i+2)
../../input/1a2b_1/protein.pdb,1,-,0.6094674556213018,-,2.27,-,-
../../input/1a2b_1/protein.pdb,2,E,0.6935483870967742,-1.76,2.39,124.65,-
../../input/1a2b_1/protein.pdb,3,E,0.22926829268292684,-2.44,2.61,135.25,160.59
../../input/1a2b_1/protein.pdb,4,E,0.11707317073170732,-2.02,2.40,126.31,162.22
../../input/1a2b_1/protein.pdb,5,E,0.006097560975609756,-2.42,2.48,134.54,169.53
../../input/1a2b_1/protein.pdb,6,E,0.0,-2.08,2.34,127.08,172.30
../../input/1a2b_1/protein.pdb,7,E,0.0,-1.82,2.42,121.83,158.66
../../input/1a2b_1/protein.pdb,8,E,0.0,-2.56,2.67,139.62,166.11
../../input/1a2b_1/protein.pdb,9,E,0.0,2.81,3.08,145.48,120.43
../../input/1a2b_1/protein.pdb,10,S,0.1656441717791411,-1.00,3.04,127.68,105.32
../../input/1a2b_1/protein.pdb,11,T,0.5070422535211268,-1.22,2.37,116.03,65.87
../../input/1a2b_1/protein.pdb,12,T,0.4528301886792453,0.91,0.73,93.26,95.19
../../input/1a2b_1/protein.pdb,13,S,0.022222222222222223,-1.70,0.08,90.36,97.02
../../input/1a2b_1/protein.pdb,14,S,0.2619047619047619,1.68,0.13,100.89,102.33
../../input/1a2b_1/protein.pdb,15,H,0.05853658536585366,-0.80,-0.96,94.27,103.07
../../input/1a2b_1/protein.pdb,16,H,0.24647887323943662,-1.13,-0.98,101.30,68.75
../../input/1a2b_1/protein.pdb,17,H,0.25925925925925924,-0.84,-0.78,87.54,71.20
../../input/1a2b_1/protein.pdb,18,H,0.012195121951219513,-0.95,-0.97,93.54,68.84
../../input/1a2b_1/protein.pdb,19,H,0.0,-1.07,-0.61,94.18,64.50
../../input/1a2b_1/protein.pdb,20,H,0.08875739644970414,-1.28,-0.77,94.21,69.74
../../input/1a2b_1/protein.pdb,21,H,0.028169014084507043,-0.96,-1.01,91.58,69.12
../../input/1a2b_1/protein.pdb,22,H,0.08121827411167512,-0.94,-0.62,95.09,56.85
../../input/1a2b_1/protein.pdb,23,H,0.19230769230769232,-1.89,0.01,104.07,44.28
../../input/1a2b_1/protein.pdb,24,H,0.526829268292683,-2.50,-0.08,103.89,93.33
../../input/1a2b_1/protein.pdb,25,S,0.6993865030674846,1.11,-0.17,89.92,108.52
../../input/1a2b_1/protein.pdb,26,-,0.6616161616161617,-1.68,2.60,124.67,115.06
../../input/1a2b_1/protein.pdb,27,-,0.39593908629441626,-1.84,1.85,109.97,146.15
../../input/1a2b_1/protein.pdb,28,-,0.3088235294117647,-0.70,2.27,113.39,158.43
../../input/1a2b_1/protein.pdb,29,S,0.9432989690721649,-1.36,-0.89,101.63,105.10
../../input/1a2b_1/protein.pdb,30,S,0.8309859154929577,-1.80,2.24,121.74,100.43
../../input/1a2b_1/protein.pdb,31,-,0.6666666666666666,-1.39,2.04,110.67,149.77
../../input/1a2b_1/protein.pdb,32,-,0.704225352112676,-2.19,2.13,119.38,145.30
../../input/1a2b_1/protein.pdb,33,-,0.47794117647058826,-1.00,2.46,112.43,144.52
../../input/1a2b_1/protein.pdb,34,-,0.18309859154929578,-1.55,2.42,125.65,147.54
../../input/1a2b_1/protein.pdb,35,S,0.4647887323943662,-1.68,-0.91,91.57,103.64
../../input/1a2b_1/protein.pdb,36,E,0.7309644670050761,-3.11,2.68,138.04,117.60
../../input/1a2b_1/protein.pdb,37,E,0.4948453608247423,-2.85,2.80,143.02,163.35
../../input/1a2b_1/protein.pdb,38,E,0.4713375796178344,-2.32,2.53,133.31,160.57
../../input/1a2b_1/protein.pdb,39,E,0.21621621621621623,-2.51,2.89,141.11,165.34
../../input/1a2b_1/protein.pdb,40,E,0.647887323943662,-2.43,2.67,134.15,162.06
../../input/1a2b_1/protein.pdb,41,E,0.1320754716981132,-2.89,2.69,137.17,151.70
../../input/1a2b_1/protein.pdb,42,E,0.588957055214724,-1.89,2.72,128.57,154.48
../../input/1a2b_1/protein.pdb,43,E,0.029585798816568046,-2.77,2.50,140.31,159.25
../../input/1a2b_1/protein.pdb,44,E,0.7371134020618557,-1.99,2.18,117.82,155.87
../../input/1a2b_1/protein.pdb,45,E,0.056338028169014086,-2.44,2.24,124.77,109.13
../../input/1a2b_1/protein.pdb,46,T,0.6748466257668712,0.92,0.64,89.08,50.66
../../input/1a2b_1/protein.pdb,47,T,0.8333333333333334,1.54,-0.46,94.55,70.19
../../input/1a2b_1/protein.pdb,48,E,0.5365853658536586,-1.26,2.49,121.83,124.11
../../input/1a2b_1/protein.pdb,49,E,0.4444444444444444,-1.79,2.12,111.63,152.87
../../input/1a2b_1/protein.pdb,50,E,0.0,-2.28,2.18,131.37,157.86
../../input/1a2b_1/protein.pdb,51,E,0.1958762886597938,-1.50,2.31,110.19,153.96
../../input/1a2b_1/protein.pdb,52,E,0.03048780487804878,-2.01,2.29,129.72,167.46
../../input/1a2b_1/protein.pdb,53,E,0.2358490566037736,-1.70,1.98,109.18,165.19
../../input/1a2b_1/protein.pdb,54,E,0.0,-1.81,1.70,111.11,175.62
../../input/1a2b_1/protein.pdb,55,E,0.31277533039647576,-1.58,1.97,110.97,171.33
../../input/1a2b_1/protein.pdb,56,E,0.024539877300613498,-1.52,2.50,119.28,167.09
../../input/1a2b_1/protein.pdb,57,E,0.028169014084507043,-2.26,2.99,140.82,158.34
../../input/1a2b_1/protein.pdb,58,-,0.02830188679245283,-1.67,2.52,123.23,168.54
../../input/1a2b_1/protein.pdb,59,-,0.15476190476190477,-1.74,-0.10,92.88,120.56
../../input/1a2b_1/protein.pdb,60,S,0.2878787878787879,-1.30,2.56,122.55,108.53
../../input/1a2b_1/protein.pdb,61,G,0.6597938144329897,-1.03,-0.81,91.02,77.74
../../input/1a2b_1/protein.pdb,62,G,0.7177914110429447,-0.83,-0.34,88.67,79.51
../../input/1a2b_1/protein.pdb,63,G,0.30180180180180183,-1.92,0.15,102.38,110.60
../../input/1a2b_1/protein.pdb,64,T,0.294478527607362,-0.83,-0.58,89.92,102.20
../../input/1a2b_1/protein.pdb,65,T,0.8548387096774194,-1.29,-0.61,98.64,67.65
../../input/1a2b_1/protein.pdb,66,T,0.35365853658536583,-1.56,-0.48,99.27,81.70
../../input/1a2b_1/protein.pdb,67,G,0.03225806451612903,-0.88,-0.72,91.24,93.43
../../input/1a2b_1/protein.pdb,68,G,0.19117647058823528,-1.13,-0.05,89.84,94.19
../../input/1a2b_1/protein.pdb,69,G,0.7865853658536586,-1.46,-0.21,92.70,88.93
../../input/1a2b_1/protein.pdb,70,S,0.1076923076923077,-1.66,-0.33,95.49,89.29
../../input/1a2b_1/protein.pdb,71,-,0.013513513513513514,-1.11,-0.44,96.84,116.14
../../input/1a2b_1/protein.pdb,72,T,0.6544117647058824,-0.41,-1.38,105.61,84.99
../../input/1a2b_1/protein.pdb,73,T,0.8282208588957055,-1.94,0.84,101.87,94.34
../../input/1a2b_1/protein.pdb,74,-,0.09154929577464789,-1.28,2.37,119.54,156.44
../../input/1a2b_1/protein.pdb,75,S,0.3312883435582822,-1.68,-0.63,100.04,108.54
../../input/1a2b_1/protein.pdb,76,E,0.02112676056338028,-2.64,2.68,137.23,116.74
../../input/1a2b_1/protein.pdb,77,E,0.0,-2.26,2.41,131.94,174.55
../../input/1a2b_1/protein.pdb,78,E,0.0,-1.90,1.83,108.83,166.36
../../input/1a2b_1/protein.pdb,79,E,0.0,-1.61,1.82,105.85,159.85
../../input/1a2b_1/protein.pdb,80,E,0.0,-1.73,2.76,138.62,159.37
../../input/1a2b_1/protein.pdb,81,E,0.0,-2.59,3.05,136.65,146.77
../../input/1a2b_1/protein.pdb,82,E,0.023076923076923078,-1.98,2.49,129.23,172.27
../../input/1a2b_1/protein.pdb,83,S,0.0,-1.30,-0.49,94.68,78.00
../../input/1a2b_1/protein.pdb,84,S,0.26380368098159507,-1.43,-0.29,91.18,73.47
../../input/1a2b_1/protein.pdb,85,-,0.34615384615384615,-2.04,1.70,115.00,122.31
../../input/1a2b_1/protein.pdb,86,T,0.21323529411764705,-1.06,-0.48,91.16,97.41
../../input/1a2b_1/protein.pdb,87,H,0.5276073619631901,-1.17,-0.66,92.39,87.14
../../input/1a2b_1/protein.pdb,88,H,0.023076923076923078,-1.08,-0.33,86.05,75.01
../../input/1a2b_1/protein.pdb,89,H,0.10975609756097561,-1.48,-0.64,90.75,72.96
../../input/1a2b_1/protein.pdb,90,H,0.5103092783505154,-1.11,-0.67,90.67,77.65
../../input/1a2b_1/protein.pdb,91,H,0.1592356687898089,-1.30,0.15,90.09,95.84
../../input/1a2b_1/protein.pdb,92,I,0.0,-1.29,-0.97,97.20,79.33
../../input/1a2b_1/protein.pdb,93,I,0.34558823529411764,-1.31,-0.44,90.84,55.71
../../input/1a2b_1/protein.pdb,94,I,0.6030927835051546,-1.14,-1.18,104.59,51.91
../../input/1a2b_1/protein.pdb,95,I,0.25853658536585367,-1.69,-0.97,113.23,47.91
../../input/1a2b_1/protein.pdb,96,I,0.004405286343612335,-1.22,-0.75,102.27,70.09
../../input/1a2b_1/protein.pdb,97,H,0.1619718309859155,-1.03,-0.94,93.96,66.03
../../input/1a2b_1/protein.pdb,98,H,0.47794117647058826,-1.01,-0.89,94.72,64.46
../../input/1a2b_1/protein.pdb,99,H,0.15463917525773196,-0.94,-0.94,93.77,61.11
../../input/1a2b_1/protein.pdb,100,H,0.0,-1.13,-0.79,94.21,68.65
../../input/1a2b_1/protein.pdb,101,H,0.6634146341463415,-1.02,-0.42,88.08,69.26
../../input/1a2b_1/protein.pdb,102,H,0.7717391304347826,-1.44,-1.17,102.00,60.43
../../input/1a2b_1/protein.pdb,103,H,0.49746192893401014,-1.00,-0.61,96.05,48.88
../../input/1a2b_1/protein.pdb,104,S,0.08148148148148149,-2.34,1.32,115.86,107.39
../../input/1a2b_1/protein.pdb,105,T,0.5,-1.48,2.78,121.44,112.29
../../input/1a2b_1/protein.pdb,106,T,1.0,1.18,0.31,88.14,87.03
../../input/1a2b_1/protein.pdb,107,-,0.2323943661971831,-2.02,2.22,120.77,112.46
../../input/1a2b_1/protein.pdb,108,-,0.16911764705882354,-0.98,2.41,117.40,150.79
../../input/1a2b_1/protein.pdb,109,E,0.11834319526627218,-2.15,2.24,124.99,173.24
../../input/1a2b_1/protein.pdb,110,E,0.0,-1.91,1.93,111.98,164.02
../../input/1a2b_1/protein.pdb,111,E,0.0,-1.32,2.25,109.11,158.86
../../input/1a2b_1/protein.pdb,112,E,0.0,-2.20,2.02,128.74,163.14
../../input/1a2b_1/protein.pdb,113,E,0.0,-1.49,2.25,108.91,153.97
../../input/1a2b_1/protein.pdb,114,E,0.03821656050955414,-1.94,2.96,136.02,121.49
../../input/1a2b_1/protein.pdb,115,-,0.2731707317073171,1.06,0.66,90.44,119.07
../../input/1a2b_1/protein.pdb,116,G,0.3024390243902439,-0.87,-0.53,88.61,111.77
../../input/1a2b_1/protein.pdb,117,G,0.3128834355828221,-1.13,-0.56,93.31,91.61
../../input/1a2b_1/protein.pdb,118,G,0.18902439024390244,-1.26,-0.05,91.67,100.89
../../input/1a2b_1/protein.pdb,119,G,0.13709677419354838,-1.23,-0.53,89.48,78.04
../../input/1a2b_1/protein.pdb,120,T,0.9044585987261147,-1.67,-0.39,96.58,90.32
../../input/1a2b_1/protein.pdb,121,-,0.4049079754601227,-0.88,2.20,109.47,125.97
../../input/1a2b_1/protein.pdb,122,H,0.6391752577319587,-1.24,-0.69,94.96,86.72
../../input/1a2b_1/protein.pdb,123,H,0.6304347826086957,-1.03,-0.77,88.27,70.62
../../input/1a2b_1/protein.pdb,124,H,0.15492957746478872,-1.05,-0.94,95.36,69.93
../../input/1a2b_1/protein.pdb,125,H,0.4435483870967742,-1.03,-0.57,90.70,69.10
../../input/1a2b_1/protein.pdb,126,H,0.42338709677419356,-1.24,-0.77,95.61,71.01
../../input/1a2b_1/protein.pdb,127,H,0.5360824742268041,-1.12,-0.72,92.74,67.72
../../input/1a2b_1/protein.pdb,128,H,0.1402439024390244,-1.24,-0.35,90.80,82.56
../../input/1a2b_1/protein.pdb,129,H,0.5943396226415094,-1.16,-0.57,89.22,87.92
../../input/1a2b_1/protein.pdb,130,H,0.6048780487804878,-1.02,-0.88,87.73,72.77
../../input/1a2b_1/protein.pdb,131,T,0.6648936170212766,-1.28,0.10,88.22,62.41
../../input/1a2b_1/protein.pdb,132,T,0.9609756097560975,0.95,0.75,88.88,101.06
../../input/1a2b_1/protein.pdb,133,-,0.45454545454545453,-2.27,-3.08,138.73,130.47
../../input/1a2b_1/protein.pdb,134,-,0.4845360824742268,-2.80,2.83,138.26,141.89
../../input/1a2b_1/protein.pdb,135,-,0.022058823529411766,-0.96,2.79,119.06,114.81
../../input/1a2b_1/protein.pdb,136,-,0.014084507042253521,-1.25,2.35,115.75,139.05
../../input/1a2b_1/protein.pdb,137,-,0.3463414634146341,-1.53,2.48,117.51,161.44
../../input/1a2b_1/protein.pdb,138,H,0.25735294117647056,-0.88,-0.55,89.18,68.89
../../input/1a2b_1/protein.pdb,139,H,0.5979381443298969,-1.14,-1.00,97.51,76.72
../../input/1a2b_1/protein.pdb,140,H,0.4175257731958763,-0.98,-0.52,90.20,69.93
../../input/1a2b_1/protein.pdb,141,H,0.0,-1.26,-0.60,90.15,70.72
../../input/1a2b_1/protein.pdb,142,H,0.5564516129032258,-1.24,-0.65,90.99,70.52
../../input/1a2b_1/protein.pdb,143,H,0.48466257668711654,-1.07,-0.89,90.05,71.38
../../input/1a2b_1/protein.pdb,144,H,0.031914893617021274,-1.01,-0.65,89.28,71.73
../../input/1a2b_1/protein.pdb,145,H,0.05660377358490566,-1.15,-0.68,91.50,68.82
../../input/1a2b_1/protein.pdb,146,H,0.821656050955414,-1.25,-0.71,92.68,72.86
../../input/1a2b_1/protein.pdb,147,H,0.6169354838709677,-0.96,-0.67,91.08,67.25
../../input/1a2b_1/protein.pdb,148,T,0.17751479289940827,-1.77,0.24,94.45,64.19
../../input/1a2b_1/protein.pdb,149,T,0.7261904761904762,1.00,0.81,96.21,131.15
../../input/1a2b_1/protein.pdb,150,-,0.19811320754716982,-1.29,2.67,118.41,143.74
../../input/1a2b_1/protein.pdb,151,S,0.4263959390862944,-1.21,-0.48,87.57,95.14
../../input/1a2b_1/protein.pdb,152,E,0.16666666666666666,3.09,2.68,146.61,123.37
../../input/1a2b_1/protein.pdb,153,E,0.11711711711711711,-1.83,2.63,124.03,148.40
../../input/1a2b_1/protein.pdb,154,E,0.2393617021276596,-2.72,2.67,138.04,163.68
../../input/1a2b_1/protein.pdb,155,E,0.15979381443298968,-2.23,2.85,131.97,156.47
../../input/1a2b_1/protein.pdb,156,-,0.014814814814814815,-3.09,3.05,151.50,143.41
../../input/1a2b_1/protein.pdb,157,-,0.007692307692307693,-2.46,2.09,123.08,174.80
../../input/1a2b_1/protein.pdb,158,T,0.1509433962264151,-1.35,-0.38,88.27,88.26
../../input/1a2b_1/protein.pdb,159,T,0.6682926829268293,-1.25,-0.87,97.48,59.30
../../input/1a2b_1/protein.pdb,160,T,0.5985915492957746,-1.62,-0.25,94.05,77.45
../../input/1a2b_1/protein.pdb,161,-,0.5024390243902439,1.46,-0.04,89.53,127.23
../../input/1a2b_1/protein.pdb,162,T,0.50920245398773,-0.93,1.88,106.90,107.59
../../input/1a2b_1/protein.pdb,163,T,0.11904761904761904,1.37,0.05,98.56,86.77
../../input/1a2b_1/protein.pdb,164,H,0.06338028169014084,-1.05,-0.76,93.43,105.38
../../input/1a2b_1/protein.pdb,165,H,0.4435483870967742,-1.13,-0.65,94.53,73.61
../../input/1a2b_1/protein.pdb,166,H,0.5051546391752577,-1.15,-0.60,89.75,78.85
../../input/1a2b_1/protein.pdb,167,H,0.0,-0.97,-0.91,93.41,70.94
../../input/1a2b_1/protein.pdb,168,H,0.0,-1.26,-0.55,96.06,69.18
../../input/1a2b_1/protein.pdb,169,H,0.30927835051546393,-1.13,-0.74,88.44,71.30
../../input/1a2b_1/protein.pdb,170,H,0.23404255319148937,-1.10,-0.67,88.63,68.25
../../input/1a2b_1/protein.pdb,171,H,0.0,-1.09,-0.85,93.01,67.23
../../input/1a2b_1/protein.pdb,172,H,0.007042253521126761,-1.09,-0.78,91.70,69.68
../../input/1a2b_1/protein.pdb,173,H,0.34274193548387094,-0.98,-0.66,87.76,66.96
../../input/1a2b_1/protein.pdb,174,H,0.009433962264150943,-1.40,-0.50,95.42,71.53
../../input/1a2b_1/protein.pdb,175,H,0.09433962264150944,-1.32,-0.37,91.52,69.32
../../input/1a2b_1/protein.pdb,176,H,0.4146341463414634,-1.50,-0.97,101.47,62.66
../../input/1a2b_1/protein.pdb,177,-,0.5303030303030303,-1.47,-2.94,129.11,-
../../input/1a2b_1/protein.pdb,178,-,1.0,1.06,-,-,-
../../input/1a2n_1/protein.pdb,1,-,0.5638297872340425,-,1.60,-,-
../../input/1a2n_1/protein.pdb,2,-,0.4049079754601227,-0.98,2.37,114.35,-
../../input/1a2n_1/protein.pdb,3,E,0.22926829268292684,-1.95,2.79,132.20,157.74
../../input/1a2n_1/protein.pdb,4,E,0.005076142131979695,-1.74,2.31,118.10,163.53
../../input/1a2n_1/protein.pdb,5,E,0.3225806451612903,-1.88,1.90,109.05,161.12
../../input/1a2n_1/protein.pdb,6,E,0.0,-1.85,2.41,128.99,166.69
../../input/1a2n_1/protein.pdb,7,E,0.3181818181818182,-2.05,2.05,125.74,151.33
../../input/1a2n_1/protein.pdb,8,E,0.13095238095238096,-2.10,-3.00,167.96,112.11
../../input/1a2n_1/protein.pdb,9,-,0.5514705882352942,-1.31,2.72,94.80,110.23
../../input/1a2n_1/protein.pdb,10,-,0.22535211267605634,-2.62,2.70,134.97,137.82
../../input/1a2n_1/protein.pdb,11,-,0.4878048780487805,-2.09,1.93,118.80,164.26
../../input/1a2n_1/protein.pdb,12,-,0.0,-1.31,1.72,106.01,137.08
../../input/1a2n_1/protein.pdb,13,E,0.398989898989899,-2.59,2.63,135.40,154.81
../../input/1a2n_1/protein.pdb,14,E,0.3333333333333333,2.53,-2.43,131.28,99.16
../../input/1a2n_1/protein.pdb,15,E,0.4639175257731959,-2.47,2.73,136.92,142.17
../../input/1a2n_1/protein.pdb,16,E,0.028169014084507043,-2.43,2.35,133.01,161.10
../../input/1a2n_1/protein.pdb,17,E,0.3732394366197183,-1.58,2.38,112.21,150.22
../../input/1a2n_1/protein.pdb,18,-,0.01775147928994083,-1.59,2.35,122.80,161.50
../../input/1a2n_1/protein.pdb,19,-,0.1,-1.42,3.00,133.66,148.46
../../input/1a2n_1/protein.pdb,20,B,0.0,-1.24,2.69,116.70,116.60
../../input/1a2n_1/protein.pdb,21,-,0.009433962264150943,-1.13,1.98,113.32,153.58
../../input/1a2n_1/protein.pdb,22,H,0.06829268292682927,-0.50,-1.00,86.73,80.06
../../input/1a2n_1/protein.pdb,23,H,0.2802547770700637,-1.53,0.00,95.32,65.97
../../input/1a2n_1/protein.pdb,24,H,0.0,-1.64,-0.86,92.76,66.52
../../input/1a2n_1/protein.pdb,25,H,0.009433962264150943,-0.80,-0.90,92.11,72.48
../../input/1a2n_1/protein.pdb,26,H,0.024390243902439025,-1.06,-0.92,98.99,69.80
../../input/1a2n_1/protein.pdb,27,H,0.014705882352941176,-0.95,-0.86,92.67,65.95
../../input/1a2n_1/protein.pdb,28,H,0.0,-1.01,-0.56,93.84,77.83
../../input/1a2n_1/protein.pdb,29,H,0.006097560975609756,-1.15,-0.68,89.54,67.17
../../input/1a2n_1/protein.pdb,30,H,0.0,-1.23,-0.74,94.67,72.37
../../input/1a2n_1/protein.pdb,31,H,0.009433962264150943,-0.83,-0.59,86.53,88.76
../../input/1a2n_1/protein.pdb,32,G,0.009433962264150943,-1.04,-0.30,87.36,106.47
../../input/1a2n_1/protein.pdb,33,G,0.0,-0.98,-0.39,83.68,90.41
../../input/1a2n_1/protein.pdb,34,G,0.0,-1.44,-0.16,96.68,94.85
../../input/1a2n_1/protein.pdb,35,B,0.009433962264150943,-1.53,2.27,119.64,135.17
../../input/1a2n_1/protein.pdb,36,S,0.25257731958762886,-1.87,0.18,102.09,108.04
../../input/1a2n_1/protein.pdb,37,S,0.16494845360824742,-2.13,2.81,120.95,71.42
../../input/1a2n_1/protein.pdb,38,-,0.47794117647058826,-0.82,2.51,120.45,131.46
../../input/1a2n_1/protein.pdb,39,E,0.02112676056338028,-2.06,2.17,131.86,168.17
../../input/1a2n_1/protein.pdb,40,E,0.2422680412371134,-1.77,2.12,116.31,172.71
../../input/1a2n_1/protein.pdb,41,E,0.005917159763313609,-1.85,1.89,112.19,168.06
../../input/1a2n_1/protein.pdb,42,E,0.32323232323232326,-1.53,2.84,128.12,116.83
../../input/1a2n_1/protein.pdb,43,S,0.1910828025477707,1.02,0.73,94.77,107.56
../../input/1a2n_1/protein.pdb,44,-,0.04225352112676056,-1.59,2.19,110.69,145.98
../../input/1a2n_1/protein.pdb,45,-,0.014705882352941176,-1.10,2.97,120.43,161.49
../../input/1a2n_1/protein.pdb,46,-,0.5121951219512195,-1.82,1.47,102.15,122.72
../../input/1a2n_1/protein.pdb,47,-,0.03048780487804878,-2.04,2.57,133.52,121.77
../../input/1a2n_1/protein.pdb,48,H,0.551219512195122,-0.61,-1.06,91.10,61.57
../../input/1a2n_1/protein.pdb,49,H,0.024539877300613498,-1.00,-0.64,95.16,74.15
../../input/1a2n_1/protein.pdb,50,H,0.007042253521126761,-1.01,-0.78,85.77,70.01
../../input/1a2n_1/protein.pdb,51,H,0.4171779141104294,-1.07,-0.85,93.94,68.42
../../input/1a2n_1/protein.pdb,52,H,0.04929577464788732,-0.87,-0.88,89.27,67.57
../../input/1a2n_1/protein.pdb,53,H,0.0,-0.89,-0.67,91.44,71.41
../../input/1a2n_1/protein.pdb,54,H,0.09574468085106383,-1.31,-0.66,91.56,72.83
../../input/1a2n_1/protein.pdb,55,H,0.5414634146341464,-0.95,-0.78,90.50,67.38
../../input/1a2n_1/protein.pdb,56,H,0.0,-1.14,-0.85,94.69,74.24
../../input/1a2n_1/protein.pdb,57,H,0.0,-0.77,-0.76,85.46,68.08
../../input/1a2n_1/protein.pdb,58,H,0.45384615384615384,-1.43,-0.38,94.45,74.43
../../input/1a2n_1/protein.pdb,59,H,0.46464646464646464,-1.21,-0.38,86.46,75.37
../../input/1a2n_1/protein.pdb,60,T,0.0,-1.50,-0.06,89.15,47.95
../../input/1a2n_1/protein.pdb,61,T,0.23809523809523808,1.76,0.24,106.17,102.75
../../input/1a2n_1/protein.pdb,62,-,0.0660377358490566,-1.48,2.77,118.92,125.03
../../input/1a2n_1/protein.pdb,63,E,0.5024390243902439,-1.77,2.11,108.39,138.02
../../input/1a2n_1/protein.pdb,64,E,0.2887323943661972,-2.43,2.30,138.57,163.70
../../input/1a2n_1/protein.pdb,65,E,0.7061855670103093,-2.60,2.80,136.39,164.06
../../input/1a2n_1/protein.pdb,66,E,0.20161290322580644,-2.61,-2.94,156.44,152.13
../../input/1a2n_1/protein.pdb,67,S,0.5859872611464968,3.06,-1.74,118.99,82.83
../../input/1a2n_1/protein.pdb,68,S,0.6785714285714286,-1.41,-0.54,87.67,35.53
../../input/1a2n_1/protein.pdb,69,S,0.15384615384615385,-1.89,2.61,128.22,95.16
../../input/1a2n_1/protein.pdb,70,E,0.0,-1.68,2.31,115.46,158.95
../../input/1a2n_1/protein.pdb,71,E,0.4076086956521739,-1.66,2.05,117.83,164.46
../../input/1a2n_1/protein.pdb,72,E,0.01775147928994083,-2.12,1.94,127.95,163.42
../../input/1a2n_1/protein.pdb,73,E,0.09815950920245399,-1.70,1.90,105.42,167.37
../../input/1a2n_1/protein.pdb,74,-,0.009433962264150943,-1.84,0.21,102.61,139.92
../../input/1a2n_1/protein.pdb,75,T,0.5040322580645161,-1.04,-0.60,96.18,97.81
../../input/1a2n_1/protein.pdb,76,T,0.5644171779141104,-1.89,0.46,102.55,109.56
../../input/1a2n_1/protein.pdb,77,-,0.06338028169014084,-0.78,2.15,104.28,170.63
../../input/1a2n_1/protein.pdb,78,-,0.6624203821656051,-2.26,-0.43,108.57,135.19
../../input/1a2n_1/protein.pdb,79,-,0.4295774647887324,-1.48,2.61,115.08,130.64
../../input/1a2n_1/protein.pdb,80,-,0.2182741116751269,-2.15,0.01,100.05,121.23
../../input/1a2n_1/protein.pdb,81,B,0.2962962962962963,-1.93,2.19,122.05,109.60
../../input/1a2n_1/protein.pdb,82,-,0.0,-1.39,2.29,115.58,155.83
../../input/1a2n_1/protein.pdb,83,-,0.16911764705882354,-1.18,2.25,115.63,165.35
../../input/1a2n_1/protein.pdb,84,H,0.6261261261261262,-0.65,-0.66,89.51,76.99
../../input/1a2n_1/protein.pdb,85,H,0.39263803680981596,-1.14,-0.50,93.90,70.85
../../input/1a2n_1/protein.pdb,86,H,0.12804878048780488,-1.45,-0.75,94.90,60.90
../../input/1a2n_1/protein.pdb,87,H,0.007042253521126761,-1.15,-0.34,102.61,86.27
../../input/1a2n_1/protein.pdb,88,T,0.6682926829268293,-1.48,-0.38,95.25,82.22
../../input/1a2n_1/protein.pdb,89,T,0.44366197183098594,-1.22,-0.50,91.12,68.29
../../input/1a2n_1/protein.pdb,90,-,0.010638297872340425,-2.29,2.13,136.21,127.72
../../input/1a2n_1/protein.pdb,91,G,0.25806451612903225,-1.00,-0.25,85.97,90.34
../../input/1a2n_1/protein.pdb,92,G,0.03773584905660377,-1.48,-0.13,95.84,110.53
../../input/1a2n_1/protein.pdb,93,G,0.0,-1.30,-0.12,90.02,108.67
../../input/1a2n_1/protein.pdb,94,G,0.005917159763313609,-1.17,-0.30,84.54,99.35
../../input/1a2n_1/protein.pdb,95,G,0.06167400881057269,-1.46,0.03,92.24,98.87
../../input/1a2n_1/protein.pdb,96,T,0.0,-1.34,-0.50,86.82,92.36
../../input/1a2n_1/protein.pdb,97,H,0.012195121951219513,-0.89,-0.93,99.57,84.67
../../input/1a2n_1/protein.pdb,98,H,0.0,-1.20,-0.70,96.06,66.75
../../input/1a2n_1/protein.pdb,99,H,0.014705882352941176,-0.96,-0.85,91.46,67.73
../../input/1a2n_1/protein.pdb,100,H,0.0,-1.12,-0.66,92.71,65.91
../../input/1a2n_1/protein.pdb,101,H,0.007042253521126761,-1.15,-0.72,95.53,66.02
../../input/1a2n_1/protein.pdb,102,H,0.07547169811320754,-1.13,-0.61,96.75,53.66
../../input/1a2n_1/protein.pdb,103,H,0.18951612903225806,-1.86,-0.45,104.52,45.33
../../input/1a2n_1/protein.pdb,104,H,0.27918781725888325,-1.98,-0.02,103.66,85.70
../../input/1a2n_1/protein.pdb,105,S,0.2619047619047619,1.16,-0.07,90.61,92.02
../../input/1a2n_1/protein.pdb,106,E,0.3333333333333333,-2.59,2.97,143.50,127.28
../../input/1a2n_1/protein.pdb,107,E,0.0,-3.03,2.59,138.05,164.90
../../input/1a2n_1/protein.pdb,108,E,0.20707070707070707,-2.47,1.96,123.83,163.21
../../input/1a2n_1/protein.pdb,109,E,0.0,-2.11,2.47,127.18,144.92
../../input/1a2n_1/protein.pdb,110,E,0.1,-1.12,2.62,119.13,142.04
../../input/1a2n_1/protein.pdb,111,-,0.4146341463414634,-1.22,2.28,105.35,129.28
../../input/1a2n_1/protein.pdb,112,-,0.3014705882352941,-1.23,2.39,110.50,136.75
../../input/1a2n_1/protein.pdb,113,-,0.5833333333333334,-2.27,2.51,132.03,128.74
../../input/1a2n_1/protein.pdb,114,-,0.9761904761904762,1.57,1.70,117.09,118.31
../../input/1a2n_1/protein.pdb,115,-,0.5943396226415094,-1.50,2.87,127.50,155.99
../../input/1a2n_1/protein.pdb,116,S,0.4154929577464789,-2.44,-0.94,115.91,107.72
../../input/1a2n_1/protein.pdb,117,S,0.08284023668639054,-1.50,0.14,96.46,53.18
../../input/1a2n_1/protein.pdb,118,S,0.09523809523809523,2.94,-3.07,142.06,102.30
../../input/1a2n_1/protein.pdb,119,-,0.7075471698113207,-1.16,-0.60,90.49,122.94
../../input/1a2n_1/protein.pdb,120,-,0.38306451612903225,0.96,0.85,103.11,172.56
../../input/1a2n_1/protein.pdb,121,-,0.6323529411764706,-1.08,2.83,122.74,158.24
../../input/1a2n_1/protein.pdb,122,-,0.06338028169014084,-1.99,0.22,96.41,120.53
../../input/1a2n_1/protein.pdb,123,H,0.50920245398773,-0.64,-0.28,90.34,110.09
../../input/1a2n_1/protein.pdb,124,H,0.1402439024390244,-1.71,-0.34,92.06,75.25
../../input/1a2n_1/protein.pdb,125,H,0.043478260869565216,-1.11,-1.02,91.29,66.48
../../input/1a2n_1/protein.pdb,126,H,0.14792899408284024,-0.89,-0.82,92.25,68.08
../../input/1a2n_1/protein.pdb,127,H,0.3076923076923077,-1.03,-0.66,96.26,68.55
../../input/1a2n_1/protein.pdb,128,H,0.0,-1.41,-0.75,95.72,68.31
../../input/1a2n_1/protein.pdb,129,H,0.0,-0.87,-0.83,85.75,67.24
../../input/1a2n_1/protein.pdb,130,H,0.4536082474226804,-0.99,-0.78,92.62,72.45
../../input/1a2n_1/protein.pdb,131,H,0.4393939393939394,-1.14,-0.43,90.03,72.84
../../input/1a2n_1/protein.pdb,132,T,0.006097560975609756,-1.44,0.03,91.44,44.52
../../input/1a2n_1/protein.pdb,133,T,0.4523809523809524,2.29,-0.62,109.49,97.40
../../input/1a2n_1/protein.pdb,134,-,0.0660377358490566,-1.04,2.80,130.07,134.18
../../input/1a2n_1/protein.pdb,135,E,0.6549295774647887,-1.99,1.96,111.82,155.90
../../input/1a2n_1/protein.pdb,136,E,0.13609467455621302,-1.84,2.19,124.83,171.11
../../input/1a2n_1/protein.pdb,137,E,0.5024390243902439,-2.06,2.75,126.53,164.19
../../input/1a2n_1/protein.pdb,138,E,0.5914634146341463,-2.07,1.85,117.20,143.28
../../input/1a2n_1/protein.pdb,139,E,0.39690721649484534,-2.72,2.59,141.36,121.93
../../input/1a2n_1/protein.pdb,140,T,0.7989690721649485,0.97,0.67,89.62,49.84
../../input/1a2n_1/protein.pdb,141,T,0.5833333333333334,1.19,0.43,92.06,63.81
../../input/1a2n_1/protein.pdb,142,E,0.19369369369369369,-2.28,2.64,140.01,116.80
../../input/1a2n_1/protein.pdb,143,E,0.0,-1.84,1.85,107.04,153.81
../../input/1a2n_1/protein.pdb,144,E,0.15609756097560976,-1.68,1.91,114.72,172.42
../../input/1a2n_1/protein.pdb,145,E,0.018867924528301886,-1.86,2.66,128.38,173.26
../../input/1a2n_1/protein.pdb,146,E,0.3923076923076923,-2.72,2.66,141.78,164.16
../../input/1a2n_1/protein.pdb,147,-,0.16901408450704225,-2.45,2.36,127.42,154.49
../../input/1a2n_1/protein.pdb,148,S,1.0,-1.48,2.15,103.86,96.09
../../input/1a2n_1/protein.pdb,149,S,0.6309523809523809,1.27,3.14,123.81,65.24
../../input/1a2n_1/protein.pdb,150,-,0.3870967741935484,-1.13,2.77,128.40,115.82
../../input/1a2n_1/protein.pdb,151,-,0.006097560975609756,-1.16,2.77,118.78,149.66
../../input/1a2n_1/protein.pdb,152,B,0.5707317073170731,-2.09,2.13,118.80,156.71
../../input/1a2n_1/protein.pdb,153,-,0.14285714285714285,-0.94,2.64,115.84,140.57
../../input/1a2n_1/protein.pdb,154,-,0.22641509433962265,-2.41,2.98,144.76,144.77
../../input/1a2n_1/protein.pdb,155,E,0.5760869565217391,-1.66,1.74,100.99,133.57
../../input/1a2n_1/protein.pdb,156,E,0.011834319526627219,-1.90,1.82,120.07,165.75
../../input/1a2n_1/protein.pdb,157,E,0.6830985915492958,-1.35,2.04,108.61,156.58
../../input/1a2n_1/protein.pdb,158,-,0.047872340425531915,-1.56,2.31,115.16,177.07
../../input/1a2n_1/protein.pdb,159,S,0.8343558282208589,-1.14,-0.80,96.45,99.49
../../input/1a2n_1/protein.pdb,160,S,0.6097560975609756,-2.23,2.68,131.64,87.18
../../input/1a2n_1/protein.pdb,161,-,0.39436619718309857,-1.04,2.26,111.34,130.24
../../input/1a2n_1/protein.pdb,162,-,0.19230769230769232,-2.53,2.08,124.59,152.46
../../input/1a2n_1/protein.pdb,163,H,0.3591549295774648,-1.11,-0.92,93.10,84.06
../../input/1a2n_1/protein.pdb,164,H,0.09523809523809523,-1.09,-0.76,99.43,69.07
../../input/1a2n_1/protein.pdb,165,H,0.0,-1.03,-0.91,89.05,72.02
../../input/1a2n_1/protein.pdb,166,H,0.0,-0.63,-0.76,86.35,72.40
../../input/1a2n_1/protein.pdb,167,H,0.014084507042253521,-1.14,-0.91,95.63,71.01
../../input/1a2n_1/protein.pdb,168,H,0.014084507042253521,-0.89,-0.91,93.39,63.92
../../input/1a2n_1/protein.pdb,169,H,0.005917159763313609,-1.12,-0.50,91.52,65.75
../../input/1a2n_1/protein.pdb,170,H,0.0,-1.31,-0.92,97.12,65.46
../../input/1a2n_1/protein.pdb,171,H,0.022222222222222223,-0.82,-1.06,94.91,62.97
../../input/1a2n_1/protein.pdb,172,H,0.0,-0.93,-0.80,89.71,74.21
../../input/1a2n_1/protein.pdb,173,G,0.0,-0.96,-0.25,93.49,92.55
../../input/1a2n_1/protein.pdb,174,G,0.0,-1.29,-0.45,93.82,79.20
../../input/1a2n_1/protein.pdb,175,G,0.012195121951219513,-1.78,0.58,95.06,82.12
../../input/1a2n_1/protein.pdb,176,S,0.02830188679245283,-1.81,2.92,133.75,103.27
../../input/1a2n_1/protein.pdb,177,B,0.5515463917525774,-1.53,1.56,104.70,94.92
../../input/1a2n_1/protein.pdb,178,S,0.35714285714285715,2.06,-2.63,139.70,81.82
../../input/1a2n_1/protein.pdb,179,E,0.4859154929577465,-1.93,2.13,128.73,136.21
../../input/1a2n_1/protein.pdb,180,E,0.0,-1.70,2.32,124.48,178.77
../../input/1a2n_1/protein.pdb,181,E,0.23668639053254437,-2.07,2.12,120.79,176.65
../../input/1a2n_1/protein.pdb,182,E,0.0,-1.85,1.90,113.07,171.28
../../input/1a2n_1/protein.pdb,183,E,0.27835051546391754,-1.56,2.46,119.01,105.18
../../input/1a2n_1/protein.pdb,184,T,0.34394904458598724,1.23,0.55,88.70,92.06
../../input/1a2n_1/protein.pdb,185,-,0.018867924528301886,-1.03,2.45,116.83,142.34
../../input/1a2n_1/protein.pdb,186,-,0.0,-1.06,2.25,107.86,149.52
../../input/1a2n_1/protein.pdb,187,-,0.3911290322580645,-1.55,-0.06,100.76,138.10
../../input/1a2n_1/protein.pdb,188,-,0.09278350515463918,-0.86,2.71,125.38,115.27
../../input/1a2n_1/protein.pdb,189,H,0.08823529411764706,-1.11,-0.52,93.62,65.56
../../input/1a2n_1/protein.pdb,190,H,0.030927835051546393,-1.32,-0.48,89.95,74.24
../../input/1a2n_1/protein.pdb,191,H,0.0,-1.14,-0.91,91.05,68.75
../../input/1a2n_1/protein.pdb,192,H,0.2746478873239437,-0.78,-0.84,89.82,65.20
../../input/1a2n_1/protein.pdb,193,H,0.0736196319018405,-1.07,-0.97,93.10,69.46
../../input/1a2n_1/protein.pdb,194,H,0.0,-0.84,-0.90,90.67,70.47
../../input/1a2n_1/protein.pdb,195,H,0.0,-1.05,-0.56,90.01,72.25
../../input/1a2n_1/protein.pdb,196,H,0.34394904458598724,-1.27,-0.46,90.43,73.51
../../input/1a2n_1/protein.pdb,197,H,0.0,-1.18,-1.05,90.74,70.81
../../input/1a2n_1/protein.pdb,198,H,0.0,-0.64,-0.88,86.86,69.48
../../input/1a2n_1/protein.pdb,199,H,0.3431952662721893,-1.08,-0.72,91.83,75.30
../../input/1a2n_1/protein.pdb,200,H,0.4647887323943662,-0.90,-0.82,87.16,72.33
../../input/1a2n_1/protein.pdb,201,H,0.042682926829268296,-1.07,-0.24,84.31,44.31
../../input/1a2n_1/protein.pdb,202,T,0.4642857142857143,1.84,0.33,106.18,108.82
../../input/1a2n_1/protein.pdb,203,-,0.07547169811320754,-1.22,2.89,119.05,134.93
../../input/1a2n_1/protein.pdb,204,E,0.5658536585365853,-2.10,1.52,106.52,131.45
../../input/1a2n_1/protein.pdb,205,E,0.08875739644970414,-2.08,2.36,131.40,161.91
../../input/1a2n_1/protein.pdb,206,E,0.6384615384615384,-2.49,2.58,137.11,124.30
../../input/1a2n_1/protein.pdb,207,-,0.20238095238095238,1.67,0.05,101.01,116.65
../../input/1a2n_1/protein.pdb,208,T,0.19696969696969696,-0.98,2.60,109.22,110.75
../../input/1a2n_1/protein.pdb,209,T,0.35714285714285715,1.43,-0.61,81.96,71.88
../../input/1a2n_1/protein.pdb,210,T,0.45774647887323944,-1.50,2.91,127.64,85.39
../../input/1a2n_1/protein.pdb,211,T,0.48466257668711654,-1.27,0.07,90.43,74.45
../../input/1a2n_1/protein.pdb,212,E,0.5201612903225806,-2.51,1.87,120.84,110.25
../../input/1a2n_1/protein.pdb,213,E,0.0,-1.66,2.47,123.58,175.44
../../input/1a2n_1/protein.pdb,214,E,0.3028169014084507,-2.06,2.21,126.52,167.69
../../input/1a2n_1/protein.pdb,215,E,0.0,-2.17,2.00,127.29,167.06
../../input/1a2n_1/protein.pdb,216,E,0.4536082474226804,-1.67,2.30,112.85,148.51
../../input/1a2n_1/protein.pdb,217,-,0.16666666666666666,-1.00,2.51,124.76,151.48
../../input/1a2n_1/protein.pdb,218,-,0.19718309859154928,-2.05,-3.01,130.20,151.33
../../input/1a2n_1/protein.pdb,219,S,0.7164948453608248,-1.79,-0.30,103.04,93.64
../../input/1a2n_1/protein.pdb,220,-,0.46774193548387094,-2.81,2.39,139.08,120.37
../../input/1a2n_1/protein.pdb,221,B,0.0,-1.94,2.61,125.69,163.70
../../input/1a2n_1/protein.pdb,222,-,0.16666666666666666,-1.55,-2.21,135.53,161.28
../../input/1a2n_1/protein.pdb,223,-,0.27380952380952384,-2.52,-2.89,139.93,137.92
../../input/1a2n_1/protein.pdb,224,E,0.27380952380952384,2.56,-3.00,147.21,129.38
../../input/1a2n_1/protein.pdb,225,E,0.5633802816901409,-2.20,1.97,124.89,138.45
../../input/1a2n_1/protein.pdb,226,E,0.13513513513513514,-2.08,2.28,128.60,162.31
../../input/1a2n_1/protein.pdb,227,E,0.5443548387096774,-1.65,2.35,118.13,155.13
../../input/1a2n_1/protein.pdb,228,-,0.014084507042253521,-1.42,2.38,122.93,155.12
../../input/1a2n_1/protein.pdb,229,-,0.08536585365853659,-0.92,2.79,121.48,136.73
../../input/1a2n_1/protein.pdb,230,B,0.17647058823529413,-1.22,2.55,118.20,134.72
../../input/1a2n_1/protein.pdb,231,-,0.03680981595092025,-1.29,1.66,108.20,150.27
../../input/1a2n_1/protein.pdb,232,H,0.04032258064516129,-1.09,-0.39,94.71,95.05
../../input/1a2n_1/protein.pdb,233,H,0.01775147928994083,-1.48,-0.53,93.19,69.30
../../input/1a2n_1/protein.pdb,234,H,0.005154639175257732,-1.17,-0.62,83.60,65.06
../../input/1a2n_1/protein.pdb,235,H,0.007042253521126761,-1.04,-1.01,93.58,69.93
../../input/1a2n_1/protein.pdb,236,H,0.0,-0.89,-0.59,88.07,70.58
../../input/1a2n_1/protein.pdb,237,H,0.0,-1.20,-0.75,95.56,73.35
../../input/1a2n_1/protein.pdb,238,H,0.0,-1.26,-0.43,91.06,69.23
../../input/1a2n_1/protein.pdb,239,H,0.0,-1.22,-0.74,90.31,68.97
../../input/1a2n_1/protein.pdb,240,H,0.0,-1.00,-0.76,89.44,75.62
../../input/1a2n_1/protein.pdb,241,H,0.0,-0.80,-0.85,85.47,68.16
../../input/1a2n_1/protein.pdb,242,H,0.0,-1.30,-0.50,100.47,66.43
../../input/1a2n_1/protein.pdb,243,H,0.0,-1.21,-0.85,96.27,69.06
../../input/1a2n_1/protein.pdb,244,H,0.04142011834319527,-1.06,-0.39,89.17,64.45
../../input/1a2n_1/protein.pdb,245,T,0.09230769230769231,-1.78,0.32,94.58,68.72
../../input/1a2n_1/protein.pdb,246,T,0.31048387096774194,0.92,0.57,90.86,105.36
../../input/1a2n_1/protein.pdb,247,-,0.023809523809523808,-1.71,-2.61,140.33,123.26
../../input/1a2n_1/protein.pdb,248,E,0.2731707317073171,-2.88,2.56,136.13,153.64
../../input/1a2n_1/protein.pdb,249,E,0.0,-2.67,2.75,149.42,153.16
../../input/1a2n_1/protein.pdb,250,E,0.33136094674556216,-2.12,2.27,123.90,163.88
../../input/1a2n_1/protein.pdb,251,E,0.0,-1.54,1.88,111.93,164.40
../../input/1a2n_1/protein.pdb,252,E,0.5080645161290323,-1.56,2.66,122.88,113.66
../../input/1a2n_1/protein.pdb,253,S,0.4267515923566879,1.16,0.85,94.98,87.62
../../input/1a2n_1/protein.pdb,254,-,0.03773584905660377,-2.04,2.86,142.73,126.10
../../input/1a2n_1/protein.pdb,255,-,0.2878787878787879,-2.10,1.52,111.04,165.97
../../input/1a2n_1/protein.pdb,256,G,0.11029411764705882,-0.72,-0.69,93.36,99.54
../../input/1a2n_1/protein.pdb,257,G,0.6012269938650306,-1.18,-0.18,92.60,87.30
../../input/1a2n_1/protein.pdb,258,G,0.035211267605633804,-1.59,0.10,89.80,71.24
../../input/1a2n_1/protein.pdb,259,-,0.036585365853658534,-2.27,0.13,107.57,116.70
../../input/1a2n_1/protein.pdb,260,H,0.6932515337423313,-0.71,-0.77,93.40,101.40
../../input/1a2n_1/protein.pdb,261,H,0.2830188679245283,-1.29,-0.60,97.70,68.00
../../input/1a2n_1/protein.pdb,262,H,0.007042253521126761,-1.12,-0.95,91.44,68.90
../../input/1a2n_1/protein.pdb,263,H,0.024390243902439025,-0.84,-0.76,91.39,71.83
../../input/1a2n_1/protein.pdb,264,H,0.3867924528301887,-1.04,-0.72,89.49,68.92
../../input/1a2n_1/protein.pdb,265,H,0.25365853658536586,-1.08,-0.51,91.96,70.01
../../input/1a2n_1/protein.pdb,266,H,0.0,-1.51,-0.58,88.64,74.97
../../input/1a2n_1/protein.pdb,267,H,0.4798387096774194,-0.92,-0.47,80.96,71.53
../../input/1a2n_1/protein.pdb,268,H,0.5644171779141104,-1.61,-0.38,97.52,79.27
../../input/1a2n_1/protein.pdb,269,T,0.0,-1.33,-0.11,83.41,48.98
../../input/1a2n_1/protein.pdb,270,T,0.5952380952380952,1.88,0.28,102.96,107.85
../../input/1a2n_1/protein.pdb,271,-,0.10377358490566038,-1.50,2.59,128.35,136.38
../../input/1a2n_1/protein.pdb,272,E,0.5337423312883436,-1.69,1.68,103.33,144.43
../../input/1a2n_1/protein.pdb,273,E,0.10650887573964497,-1.79,2.20,127.04,168.83
../../input/1a2n_1/protein.pdb,274,E,0.6030927835051546,-2.06,2.62,130.38,171.76
../../input/1a2n_1/protein.pdb,275,E,0.4295774647887324,-2.42,2.43,142.33,166.07
../../input/1a2n_1/protein.pdb,276,E,0.17857142857142858,-2.09,-3.00,132.91,125.24
../../input/1a2n_1/protein.pdb,277,T,0.9278350515463918,-0.93,-0.84,100.42,55.66
../../input/1a2n_1/protein.pdb,278,T,0.5337423312883436,-2.15,0.55,101.58,56.00
../../input/1a2n_1/protein.pdb,279,E,0.34801762114537443,-2.69,2.60,143.68,127.96
../../input/1a2n_1/protein.pdb,280,E,0.0,-2.31,2.46,130.06,171.57
../../input/1a2n_1/protein.pdb,281,E,0.09230769230769231,-2.13,2.49,129.72,179.03
../../input/1a2n_1/protein.pdb,282,E,0.0,-2.14,2.40,126.30,177.27
../../input/1a2n_1/protein.pdb,283,E,0.2085889570552147,-2.19,2.04,121.46,166.12
../../input/1a2n_1/protein.pdb,284,-,0.02127659574468085,-1.38,-0.18,90.89,143.05
../../input/1a2n_1/protein.pdb,285,T,0.6521739130434783,0.89,0.80,93.96,114.17
../../input/1a2n_1/protein.pdb,286,T,0.6309523809523809,1.46,-0.44,91.95,70.18
../../input/1a2n_1/protein.pdb,287,-,0.7024390243902439,-1.34,2.80,132.72,118.23
../../input/1a2n_1/protein.pdb,288,-,0.18548387096774194,-1.52,2.50,118.90,138.72
../../input/1a2n_1/protein.pdb,289,-,0.0,-1.08,2.72,120.58,149.11
../../input/1a2n_1/protein.pdb,290,B,0.36097560975609755,-1.73,2.43,120.11,144.89
../../input/1a2n_1/protein.pdb,291,-,0.24528301886792453,-0.93,2.32,115.20,134.57
../../input/1a2n_1/protein.pdb,292,-,0.04929577464788732,-1.97,2.91,132.21,161.06
../../input/1a2n_1/protein.pdb,293,-,0.5605095541401274,-2.00,2.18,119.53,149.66
../../input/1a2n_1/protein.pdb,294,E,0.028169014084507043,-2.04,2.42,138.18,159.98
../../input/1a2n_1/protein.pdb,295,E,0.7419354838709677,-2.07,2.12,114.76,154.80
../../input/1a2n_1/protein.pdb,296,B,0.007042253521126761,-1.38,2.90,122.60,144.43
../../input/1a2n_1/protein.pdb,297,-,0.27358490566037735,3.04,3.03,137.85,126.22
../../input/1a2n_1/protein.pdb,298,S,0.36764705882352944,-1.33,2.86,126.17,99.14
../../input/1a2n_1/protein.pdb,299,T,0.19021739130434784,-0.99,2.38,130.92,55.57
../../input/1a2n_1/protein.pdb,300,T,0.6029411764705882,-1.69,0.38,88.45,67.56
../../input/1a2n_1/protein.pdb,301,S,0.3867924528301887,-1.31,-2.93,125.91,73.22
../../input/1a2n_1/protein.pdb,302,B,0.06091370558375635,-1.18,2.12,107.18,112.45
../../input/1a2n_1/protein.pdb,303,-,0.11029411764705882,-1.19,2.08,118.82,176.01
../../input/1a2n_1/protein.pdb,304,G,0.09154929577464789,-0.52,-0.71,85.90,78.56
../../input/1a2n_1/protein.pdb,305,G,0.17177914110429449,-1.19,-0.19,89.15,79.93
../../input/1a2n_1/protein.pdb,306,G,0.0,-1.69,-0.04,94.72,92.15
../../input/1a2n_1/protein.pdb,307,H,0.0,-1.07,-0.62,97.20,98.38
../../input/1a2n_1/protein.pdb,308,H,0.009433962264150943,-1.24,-0.57,91.48,67.31
../../input/1a2n_1/protein.pdb,309,H,0.0,-1.32,-0.81,94.16,69.15
../../input/1a2n_1/protein.pdb,310,H,0.0,-1.02,-0.49,84.73,74.80
../../input/1a2n_1/protein.pdb,311,H,0.0,-0.99,-0.92,90.57,74.23
../../input/1a2n_1/protein.pdb,312,H,0.0,-1.07,-0.63,91.62,68.76
../../input/1a2n_1/protein.pdb,313,H,0.0,-1.03,-1.02,91.59,70.36
../../input/1a2n_1/protein.pdb,314,H,0.0,-0.81,-0.74,93.00,74.76
../../input/1a2n_1/protein.pdb,315,H,0.006097560975609756,-1.36,0.08,88.49,64.04
../../input/1a2n_1/protein.pdb,316,T,0.056338028169014086,-2.37,0.44,98.29,75.91
../../input/1a2n_1/protein.pdb,317,S,0.0,-1.77,3.00,129.22,92.80
../../input/1a2n_1/protein.pdb,318,B,0.5051546391752577,-1.47,1.87,109.41,90.97
../../input/1a2n_1/protein.pdb,319,S,0.44047619047619047,2.25,-3.13,143.98,84.07
../../input/1a2n_1/protein.pdb,320,E,0.49295774647887325,-1.62,2.08,116.28,129.63
../../input/1a2n_1/protein.pdb,321,E,0.0,-1.82,2.35,124.25,168.61
../../input/1a2n_1/protein.pdb,322,E,0.4619289340101523,-1.78,2.39,120.18,171.07
../../input/1a2n_1/protein.pdb,323,E,0.0,-2.16,1.96,120.85,176.38
../../input/1a2n_1/protein.pdb,324,E,0.035211267605633804,-1.64,2.11,116.85,174.95
../../input/1a2n_1/protein.pdb,325,-,0.03608247422680412,-1.56,2.13,110.65,155.89
../../input/1a2n_1/protein.pdb,326,-,0.5211267605633803,-2.02,-0.34,107.65,120.40
../../input/1a2n_1/protein.pdb,327,S,0.4154929577464789,-1.23,-0.72,100.09,70.73
../../input/1a2n_1/protein.pdb,328,-,0.18274111675126903,-2.24,2.53,128.81,114.45
../../input/1a2n_1/protein.pdb,329,T,0.7010309278350515,-1.87,0.29,106.79,90.63
../../input/1a2n_1/protein.pdb,330,T,0.46496815286624205,-2.58,0.96,101.37,105.58
../../input/1a2n_1/protein.pdb,331,-,0.056451612903225805,-2.01,0.58,101.36,127.99
../../input/1a2n_1/protein.pdb,332,-,0.1319796954314721,-2.07,0.54,97.60,128.82
../../input/1a2n_1/protein.pdb,333,S,0.2127659574468085,-1.40,-0.17,89.83,108.90
../../input/1a2n_1/protein.pdb,334,S,0.005434782608695652,-1.24,-0.63,90.57,91.40
../../input/1a2n_1/protein.pdb,335,H,0.04929577464788732,-0.76,-1.07,101.25,87.10
../../input/1a2n_1/protein.pdb,336,H,0.4852941176470588,-1.09,-0.30,89.00,66.50
../../input/1a2n_1/protein.pdb,337,H,0.10824742268041238,-1.40,-0.64,90.41,71.35
../../input/1a2n_1/protein.pdb,338,H,0.0,-1.09,-0.79,87.83,73.12
../../input/1a2n_1/protein.pdb,339,H,0.36153846153846153,-0.88,-0.53,90.43,83.10
../../input/1a2n_1/protein.pdb,340,H,0.6370967741935484,-1.35,-0.25,86.79,79.02
../../input/1a2n_1/protein.pdb,341,T,0.0,-1.60,0.35,92.48,44.50
../../input/1a2n_1/protein.pdb,342,T,0.39285714285714285,1.84,-0.26,105.24,102.76
../../input/1a2n_1/protein.pdb,343,-,0.08490566037735849,-1.30,2.80,129.74,139.21
../../input/1a2n_1/protein.pdb,344,E,0.5652173913043478,-2.14,1.74,113.90,140.19
../../input/1a2n_1/protein.pdb,345,E,0.25471698113207547,-2.17,2.42,129.43,150.35
../../input/1a2n_1/protein.pdb,346,E,0.6030927835051546,-1.87,2.23,112.16,161.92
../../input/1a2n_1/protein.pdb,347,E,0.46153846153846156,-1.63,2.45,113.72,161.36
../../input/1a2n_1/protein.pdb,348,E,0.4793814432989691,-2.36,1.83,113.76,120.46
../../input/1a2n_1/protein.pdb,349,T,0.8769230769230769,0.91,-2.37,106.05,57.02
../../input/1a2n_1/protein.pdb,350,T,0.45222929936305734,-1.23,0.19,96.70,58.46
../../input/1a2n_1/protein.pdb,351,E,0.11971830985915492,-1.97,2.42,131.87,121.01
../../input/1a2n_1/protein.pdb,352,E,0.0,-1.75,2.02,109.63,161.46
../../input/1a2n_1/protein.pdb,353,E,0.05917159763313609,-1.35,2.24,109.87,163.13
../../input/1a2n_1/protein.pdb,354,E,0.0,-2.23,2.04,131.39,159.14
../../input/1a2n_1/protein.pdb,355,E,0.391304347826087,-1.71,1.75,110.13,149.32
../../input/1a2n_1/protein.pdb,356,-,0.23809523809523808,-0.92,2.03,117.56,158.23
../../input/1a2n_1/protein.pdb,357,-,0.1619718309859155,-1.65,2.78,123.74,155.80
../../input/1a2n_1/protein.pdb,358,S,0.6082474226804123,-1.28,-0.56,96.44,93.69
../../input/1a2n_1/protein.pdb,359,-,0.4146341463414634,-2.61,2.62,140.71,118.59
../../input/1a2n_1/protein.pdb,360,-,0.012195121951219513,-1.89,2.52,125.26,156.13
../../input/1a2n_1/protein.pdb,361,B,0.5307692307692308,-1.57,2.43,120.51,148.56
../../input/1a2n_1/protein.pdb,362,-,0.2619047619047619,-1.06,2.41,113.87,125.48
../../input/1a2n_1/protein.pdb,363,-,0.1792452830188679,-2.55,3.00,151.23,134.87
../../input/1a2n_1/protein.pdb,364,E,0.7575757575757576,-1.79,1.97,110.98,125.62
../../input/1a2n_1/protein.pdb,365,E,0.035211267605633804,-2.03,2.89,142.24,151.26
../../input/1a2n_1/protein.pdb,366,E,0.3191489361702128,-2.19,2.27,133.84,165.67
../../input/1a2n_1/protein.pdb,367,-,0.009433962264150943,-1.18,2.21,112.06,155.01
../../input/1a2n_1/protein.pdb,368,-,0.21830985915492956,-1.86,-0.28,99.48,115.59
../../input/1a2n_1/protein.pdb,369,S,0.049079754601226995,-2.91,-3.12,145.09,99.17
../../input/1a2n_1/protein.pdb,370,H,0.054878048780487805,-1.13,-1.13,101.47,55.71
../../input/1a2n_1/protein.pdb,371,H,0.012096774193548387,-1.09,-0.73,92.57,63.17
../../input/1a2n_1/protein.pdb,372,H,0.0,-0.74,-0.91,88.50,74.47
../../input/1a2n_1/protein.pdb,373,H,0.0,-1.04,-0.67,94.15,70.85
../../input/1a2n_1/protein.pdb,374,H,0.0,-1.12,-0.76,89.75,67.73
../../input/1a2n_1/protein.pdb,375,H,0.0,-0.91,-0.94,91.90,72.35
../../input/1a2n_1/protein.pdb,376,H,0.0,-1.01,-0.57,90.85,69.21
../../input/1a2n_1/protein.pdb,377,H,0.0,-1.27,-0.71,94.04,68.20
../../input/1a2n_1/protein.pdb,378,H,0.0,-1.04,-0.79,87.12,70.08
../../input/1a2n_1/protein.pdb,379,H,0.0,-0.99,-0.75,91.82,73.10
../../input/1a2n_1/protein.pdb,380,H,0.0,-1.26,-0.37,91.96,77.12
../../input/1a2n_1/protein.pdb,381,H,0.0,-1.01,-0.77,86.87,64.58
../../input/1a2n_1/protein.pdb,382,H,0.11834319526627218,-1.47,-0.32,100.02,78.71
../../input/1a2n_1/protein.pdb,383,S,0.0,-1.18,3.01,125.39,97.68
../../input/1a2n_1/protein.pdb,384,B,0.520618556701031,-1.61,1.97,111.07,94.99
../../input/1a2n_1/protein.pdb,385,E,0.2857142857142857,1.72,-2.50,127.64,70.40
../../input/1a2n_1/protein.pdb,386,E,0.43661971830985913,-1.87,2.09,130.41,133.01
../../input/1a2n_1/protein.pdb,387,E,0.0,-1.79,2.32,122.79,172.79
../../input/1a2n_1/protein.pdb,388,E,0.035211267605633804,-2.03,2.02,115.03,174.86
../../input/1a2n_1/protein.pdb,389,E,0.0,-1.49,1.76,109.02,167.09
../../input/1a2n_1/protein.pdb,390,E,0.2883435582822086,-1.31,2.68,119.53,108.11
../../input/1a2n_1/protein.pdb,391,-,0.3548387096774194,1.11,0.89,96.92,115.19
../../input/1a2n_1/protein.pdb,392,T,0.0,-1.30,-0.07,90.71,126.74
../../input/1a2n_1/protein.pdb,393,H,0.481981981981982,-0.91,-0.61,90.06,106.63
../../input/1a2n_1/protein.pdb,394,H,0.09782608695652174,-0.98,-0.54,91.14,88.15
../../input/1a2n_1/protein.pdb,395,H,0.0,-1.12,-0.64,89.73,86.13
../../input/1a2n_1/protein.pdb,396,H,0.3128834355828221,-0.98,-0.33,92.94,93.91
../../input/1a2n_1/protein.pdb,397,T,0.22580645161290322,-1.28,-0.32,94.91,61.27
../../input/1a2n_1/protein.pdb,398,T,0.023809523809523808,-2.44,-0.02,111.66,65.39
../../input/1a2n_1/protein.pdb,399,-,0.009009009009009009,-2.29,1.60,114.66,114.90
../../input/1a2n_1/protein.pdb,400,T,0.23195876288659795,-1.07,2.33,112.99,101.67
../../input/1a2n_1/protein.pdb,401,T,0.6330645161290323,0.90,0.60,93.82,96.83
../../input/1a2n_1/protein.pdb,402,H,0.04142011834319527,-1.25,-0.51,101.57,116.04
../../input/1a2n_1/protein.pdb,403,H,0.22164948453608246,-1.13,-0.56,86.57,66.26
../../input/1a2n_1/protein.pdb,404,H,0.38650306748466257,-1.25,-0.77,93.23,66.83
../../input/1a2n_1/protein.pdb,405,H,0.11707317073170732,-1.21,-0.77,94.32,63.67
../../input/1a2n_1/protein.pdb,406,H,0.0,-1.19,-0.60,91.13,66.87
../../input/1a2n_1/protein.pdb,407,H,0.39919354838709675,-1.24,-0.48,89.34,79.70
../../input/1a2n_1/protein.pdb,408,T,0.6792452830188679,-1.05,-0.30,85.40,77.08
../../input/1a2n_1/protein.pdb,409,T,0.018292682926829267,-1.72,0.17,90.37,44.81
../../input/1a2n_1/protein.pdb,410,T,0.5238095238095238,1.86,-0.09,100.78,103.97
../../input/1a2n_1/protein.pdb,411,-,0.02830188679245283,-1.22,2.60,125.17,139.08
../../input/1a2n_1/protein.pdb,412,-,0.5286624203821656,-1.92,1.71,106.51,138.52
../../input/1a2n_1/protein.pdb,413,E,0.029585798816568046,-2.23,2.53,133.82,158.83
../../input/1a2n_1/protein.pdb,414,E,0.4948453608247423,-2.61,2.17,134.03,160.49
../../input/1a2n_1/protein.pdb,415,E,0.3185483870967742,-1.40,2.02,113.86,154.42
../../input/1a2n_1/protein.pdb,416,E,0.13380281690140844,-1.85,2.33,129.17,160.40
../../input/1a2n_1/protein.pdb,417,-,0.9219512195121952,-0.37,-1.35,103.42,-
../../input/1a2n_1/protein.pdb,418,-,0.7023809523809523,2.85,-,-,-
