Position,Residue,Center_of_mass,Hidrofobicity
1,ALA,"(np.float32(11.422954), np.float32(65.21682), np.float32(46.354515))",1.8
2,PRO,"(np.float32(10.494737), np.float32(64.727425), np.float32(43.27972))",-1.6
3,ALA,"(np.float32(10.82686), np.float32(61.88283), np.float32(40.80269))",1.8
4,GLU,"(np.float32(14.479829), np.float32(62.257637), np.float32(37.606865))",-3.5
5,ILE,"(np.float32(11.284212), np.float32(63.746433), np.float32(34.926846))",4.5
6,LEU,"(np.float32(12.124428), np.float32(59.424564), np.float32(32.53276))",3.8
7,ASN,"(np.float32(12.205084), np.float32(64.01179), np.float32(28.869522))",-3.5
8,GLY,"(np.float32(11.062821), np.float32(61.56309), np.float32(25.977509))",-0.4
9,LYS,"(np.float32(10.50508), np.float32(66.147766), np.float32(24.068447))",-3.9
10,GLU,"(np.float32(14.915107), np.float32(65.76511), np.float32(26.239182))",-3.5
11,ILE,"(np.float32(15.382174), np.float32(60.51161), np.float32(25.385506))",4.5
12,SER,"(np.float32(13.318648), np.float32(61.14039), np.float32(21.320736))",-0.8
13,ALA,"(np.float32(15.610125), np.float32(63.7423), np.float32(20.0184))",1.8
14,GLN,"(np.float32(18.95135), np.float32(62.42809), np.float32(22.265322))",-3.5
15,ILE,"(np.float32(17.08934), np.float32(58.32569), np.float32(19.329937))",4.5
16,ARG,"(np.float32(14.248347), np.float32(62.0585), np.float32(16.6301))",-4.5
17,ALA,"(np.float32(19.698938), np.float32(62.579998), np.float32(15.577203))",1.8
18,ARG,"(np.float32(21.035545), np.float32(57.422573), np.float32(16.699385))",-4.5
19,LEU,"(np.float32(18.367874), np.float32(57.484093), np.float32(13.388524))",3.8
20,LYS,"(np.float32(19.344988), np.float32(63.111244), np.float32(10.382457))",-3.9
21,ASN,"(np.float32(23.521633), np.float32(61.483795), np.float32(11.392698))",-3.5
22,GLN,"(np.float32(22.617657), np.float32(56.12825), np.float32(11.397486))",-3.5
23,VAL,"(np.float32(20.124447), np.float32(57.826275), np.float32(6.987339))",4.2
24,THR,"(np.float32(23.156162), np.float32(60.981697), np.float32(5.908022))",-0.7
25,GLN,"(np.float32(26.742836), np.float32(58.050995), np.float32(7.468477))",-3.5
26,LEU,"(np.float32(23.261335), np.float32(54.443733), np.float32(4.217163))",3.8
27,LYS,"(np.float32(21.36035), np.float32(58.69928), np.float32(1.7949371))",-3.9
28,GLU,"(np.float32(27.343582), np.float32(59.88717), np.float32(2.2755396))",-3.5
29,GLN,"(np.float32(27.81123), np.float32(54.449257), np.float32(2.4090762))",-3.5
30,VAL,"(np.float32(24.417408), np.float32(53.769394), np.float32(-1.3737748))",4.2
31,PRO,"(np.float32(24.571701), np.float32(57.05346), np.float32(-3.6502833))",-1.6
32,GLY,"(np.float32(19.988403), np.float32(56.766457), np.float32(-3.9266706))",-0.4
33,PHE,"(np.float32(19.245817), np.float32(53.27598), np.float32(-0.33723062))",2.8
34,THR,"(np.float32(15.8791275), np.float32(55.60604), np.float32(-0.33162633))",-0.7
35,PRO,"(np.float32(15.452072), np.float32(54.669453), np.float32(3.4332814))",-1.6
36,ARG,"(np.float32(9.495687), np.float32(53.299026), np.float32(0.6630449))",-4.5
37,LEU,"(np.float32(7.8935127), np.float32(53.599873), np.float32(6.089472))",3.8
38,ALA,"(np.float32(4.7962904), np.float32(51.969707), np.float32(4.7297335))",1.8
39,ILE,"(np.float32(1.8050051), np.float32(53.894726), np.float32(6.95616))",4.5
40,LEU,"(np.float32(-1.9763124), np.float32(50.302814), np.float32(5.360503))",3.8
41,GLN,"(np.float32(-5.2542143), np.float32(54.39291), np.float32(7.335977))",-3.5
42,VAL,"(np.float32(-8.380929), np.float32(50.971912), np.float32(7.311005))",4.2
43,GLY,"(np.float32(-9.914709), np.float32(54.661186), np.float32(7.12598))",-0.4
44,ASN,"(np.float32(-10.69563), np.float32(58.885654), np.float32(8.305366))",-3.5
45,ARG,"(np.float32(-10.0012865), np.float32(56.323116), np.float32(14.284625))",-4.5
46,ASP,"(np.float32(-9.654381), np.float32(62.127247), np.float32(13.756525))",-3.5
47,ASP,"(np.float32(-6.95723), np.float32(58.772038), np.float32(16.457453))",-3.5
48,SER,"(np.float32(-5.1579638), np.float32(57.387493), np.float32(13.352116))",-0.8
49,ASN,"(np.float32(-5.39347), np.float32(60.73561), np.float32(10.74846))",-3.5
50,LEU,"(np.float32(-3.2477586), np.float32(63.133904), np.float32(14.512203))",3.8
51,TYR,"(np.float32(-1.5645028), np.float32(58.848053), np.float32(16.806599))",-1.3
52,ILE,"(np.float32(-0.1294781), np.float32(58.456684), np.float32(10.53654))",4.5
53,ASN,"(np.float32(0.5406326), np.float32(63.040997), np.float32(10.400321))",-3.5
54,VAL,"(np.float32(3.7729733), np.float32(62.075096), np.float32(14.264428))",4.2
55,LYS,"(np.float32(4.2444243), np.float32(57.615738), np.float32(12.591114))",-3.9
56,LEU,"(np.float32(4.725072), np.float32(60.831013), np.float32(8.033884))",3.8
57,LYS,"(np.float32(7.095198), np.float32(65.6005), np.float32(11.63141))",-3.9
58,ALA,"(np.float32(9.88286), np.float32(61.62133), np.float32(11.849364))",1.8
59,ALA,"(np.float32(10.610077), np.float32(60.201668), np.float32(8.693946))",1.8
60,GLU,"(np.float32(10.337036), np.float32(64.46119), np.float32(6.164032))",-3.5
61,GLU,"(np.float32(12.562034), np.float32(65.27522), np.float32(10.757711))",-3.5
62,ILE,"(np.float32(15.305245), np.float32(60.620373), np.float32(10.0667715))",4.5
63,GLY,"(np.float32(15.319421), np.float32(60.45863), np.float32(5.649864))",-0.4
64,ILE,"(np.float32(12.8235855), np.float32(57.818638), np.float32(6.371451))",4.5
65,LYS,"(np.float32(10.383684), np.float32(57.427994), np.float32(0.7137391))",-3.9
66,ALA,"(np.float32(7.033099), np.float32(58.069557), np.float32(3.755988))",1.8
67,THR,"(np.float32(4.2454543), np.float32(55.837788), np.float32(1.8629589))",-0.7
68,HIS,"(np.float32(-0.72046584), np.float32(57.47556), np.float32(4.288609))",-3.2
69,ILE,"(np.float32(-1.6963211), np.float32(53.59133), np.float32(1.751482))",4.5
70,LYS,"(np.float32(-6.343096), np.float32(56.85117), np.float32(3.8078048))",-3.9
71,LEU,"(np.float32(-7.718986), np.float32(51.905308), np.float32(2.427221))",3.8
72,PRO,"(np.float32(-11.765149), np.float32(52.75485), np.float32(2.0864046))",-1.6
73,ARG,"(np.float32(-15.39466), np.float32(52.90262), np.float32(7.4224234))",-4.5
74,THR,"(np.float32(-15.803172), np.float32(50.128002), np.float32(2.0655985))",-0.7
75,THR,"(np.float32(-12.0795355), np.float32(48.094593), np.float32(3.0013022))",-0.7
76,THR,"(np.float32(-12.540497), np.float32(44.076435), np.float32(2.2539372))",-0.7
77,GLU,"(np.float32(-9.826374), np.float32(40.382507), np.float32(5.2738557))",-3.5
78,SER,"(np.float32(-9.446107), np.float32(40.775116), np.float32(0.21258856))",-0.8
79,GLU,"(np.float32(-9.906052), np.float32(45.284233), np.float32(-0.68238))",-3.5
80,VAL,"(np.float32(-6.297199), np.float32(44.71844), np.float32(3.2255912))",4.2
81,MET,"(np.float32(-4.570005), np.float32(40.431835), np.float32(2.6161873))",1.9
82,LYS,"(np.float32(-5.024391), np.float32(41.85894), np.float32(-2.63351))",-3.9
83,TYR,"(np.float32(-3.6074939), np.float32(47.606937), np.float32(-1.0655339))",-1.3
84,ILE,"(np.float32(-0.35927203), np.float32(43.383312), np.float32(2.824067))",4.5
85,THR,"(np.float32(0.78797007), np.float32(41.183884), np.float32(-1.2295694))",-0.7
86,SER,"(np.float32(1.6977285), np.float32(44.83417), np.float32(-2.9628522))",-0.8
87,LEU,"(np.float32(3.5791306), np.float32(46.686504), np.float32(0.56197363))",3.8
88,ASN,"(np.float32(5.202258), np.float32(41.93238), np.float32(1.1290884))",-3.5
89,GLU,"(np.float32(5.510139), np.float32(41.43472), np.float32(-3.883626))",-3.5
90,ASP,"(np.float32(7.700001), np.float32(47.20848), np.float32(-3.2488213))",-3.5
91,SER,"(np.float32(11.696347), np.float32(46.29213), np.float32(-3.7775326))",-0.8
92,THR,"(np.float32(11.1144495), np.float32(50.16889), np.float32(-2.8603156))",-0.7
93,VAL,"(np.float32(9.096791), np.float32(48.894558), np.float32(0.7713696))",4.2
94,HIS,"(np.float32(13.033425), np.float32(48.988495), np.float32(2.8283799))",-3.2
95,GLY,"(np.float32(8.894839), np.float32(48.927616), np.float32(5.73855))",-0.4
96,PHE,"(np.float32(4.753448), np.float32(46.971157), np.float32(5.7611303))",2.8
97,LEU,"(np.float32(2.7972655), np.float32(50.005207), np.float32(9.57409))",3.8
98,VAL,"(np.float32(-1.1585552), np.float32(48.01733), np.float32(9.733853))",4.2
99,GLN,"(np.float32(-2.3199332), np.float32(52.483704), np.float32(12.175225))",-3.5
100,LEU,"(np.float32(-3.9608104), np.float32(49.133812), np.float32(14.599959))",3.8
101,PRO,"(np.float32(-7.679993), np.float32(50.709225), np.float32(15.060608))",-1.6
102,LEU,"(np.float32(-8.584763), np.float32(48.1188), np.float32(11.271449))",3.8
103,ASP,"(np.float32(-12.300237), np.float32(52.504337), np.float32(10.376971))",-3.5
104,SER,"(np.float32(-14.353988), np.float32(48.788597), np.float32(8.577271))",-0.8
105,GLU,"(np.float32(-18.63026), np.float32(48.79402), np.float32(6.5216455))",-3.5
106,ASN,"(np.float32(-16.562265), np.float32(45.34049), np.float32(6.6055045))",-3.5
107,SER,"(np.float32(-15.682248), np.float32(42.034622), np.float32(9.57755))",-0.8
108,ILE,"(np.float32(-11.2489395), np.float32(43.06317), np.float32(9.144865))",4.5
109,ASN,"(np.float32(-8.866734), np.float32(38.68064), np.float32(11.306968))",-3.5
110,THR,"(np.float32(-6.426106), np.float32(42.207447), np.float32(12.922208))",-0.7
111,GLU,"(np.float32(-3.8022497), np.float32(37.290836), np.float32(13.954091))",-3.5
112,GLU,"(np.float32(-6.134524), np.float32(36.660213), np.float32(9.269887))",-3.5
113,VAL,"(np.float32(-4.0007625), np.float32(41.475456), np.float32(8.145752))",4.2
114,ILE,"(np.float32(-0.7339564), np.float32(41.782623), np.float32(11.053745))",4.5
115,ASN,"(np.float32(0.23176646), np.float32(37.306026), np.float32(10.585013))",-3.5
116,ALA,"(np.float32(0.568672), np.float32(38.871677), np.float32(5.9082932))",1.8
117,ILE,"(np.float32(3.1659849), np.float32(41.614586), np.float32(7.4096565))",4.5
118,ALA,"(np.float32(6.74875), np.float32(40.311737), np.float32(5.941453))",1.8
119,PRO,"(np.float32(8.735727), np.float32(38.90592), np.float32(8.611625))",-1.6
120,GLU,"(np.float32(11.495381), np.float32(40.14842), np.float32(6.693895))",-3.5
121,LYS,"(np.float32(8.935086), np.float32(44.393166), np.float32(4.9084473))",-3.9
122,ASP,"(np.float32(6.978812), np.float32(43.388664), np.float32(11.233348))",-3.5
123,VAL,"(np.float32(8.677254), np.float32(47.67998), np.float32(11.536723))",4.2
124,ASP,"(np.float32(5.038335), np.float32(47.80051), np.float32(14.400738))",-3.5
125,GLY,"(np.float32(6.271605), np.float32(43.428543), np.float32(15.708922))",-0.4
126,LEU,"(np.float32(2.5924647), np.float32(43.053658), np.float32(15.820417))",3.8
127,THR,"(np.float32(4.3118935), np.float32(39.230858), np.float32(13.234756))",-0.7
128,SER,"(np.float32(3.1976528), np.float32(35.578724), np.float32(15.19595))",-0.8
129,ILE,"(np.float32(7.1680074), np.float32(34.989796), np.float32(13.072277))",4.5
130,ASN,"(np.float32(8.608429), np.float32(38.819614), np.float32(15.05791))",-3.5
131,ALA,"(np.float32(6.237437), np.float32(37.228676), np.float32(18.90226))",1.8
132,GLY,"(np.float32(7.9211655), np.float32(34.168285), np.float32(19.20732))",-0.4
133,ARG,"(np.float32(11.569411), np.float32(35.149433), np.float32(16.059906))",-4.5
134,LEU,"(np.float32(10.130719), np.float32(38.48628), np.float32(22.097878))",3.8
135,ALA,"(np.float32(8.516509), np.float32(34.868202), np.float32(23.75069))",1.8
136,ARG,"(np.float32(9.247431), np.float32(31.459051), np.float32(23.721724))",-4.5
137,GLY,"(np.float32(14.539014), np.float32(34.84992), np.float32(23.520287))",-0.4
138,ASP,"(np.float32(14.8142185), np.float32(33.99695), np.float32(19.972143))",-3.5
139,LEU,"(np.float32(16.435184), np.float32(39.02146), np.float32(21.083271))",3.8
140,ASN,"(np.float32(19.950472), np.float32(37.9047), np.float32(17.255884))",-3.5
141,ASP,"(np.float32(16.075373), np.float32(36.662746), np.float32(15.070679))",-3.5
142,CYS,"(np.float32(13.180559), np.float32(40.174183), np.float32(16.628454))",2.5
143,PHE,"(np.float32(11.522147), np.float32(43.714073), np.float32(13.689789))",2.8
144,ILE,"(np.float32(10.869706), np.float32(44.45567), np.float32(19.421751))",4.5
145,PRO,"(np.float32(7.0580525), np.float32(45.741352), np.float32(19.80196))",-1.6
146,CYS,"(np.float32(7.7416306), np.float32(50.226955), np.float32(18.732403))",2.5
147,THR,"(np.float32(5.6252384), np.float32(50.92901), np.float32(23.01325))",-0.7
148,PRO,"(np.float32(7.688105), np.float32(47.879963), np.float32(24.231989))",-1.6
149,LYS,"(np.float32(12.0188675), np.float32(48.808197), np.float32(21.42751))",-3.9
150,GLY,"(np.float32(10.786234), np.float32(52.48303), np.float32(24.69954))",-0.4
151,CYS,"(np.float32(9.172104), np.float32(51.325497), np.float32(27.6907))",2.5
152,LEU,"(np.float32(13.841727), np.float32(48.705612), np.float32(27.515255))",3.8
153,GLU,"(np.float32(16.04234), np.float32(53.121933), np.float32(25.708704))",-3.5
154,LEU,"(np.float32(12.57842), np.float32(55.228546), np.float32(29.116163))",3.8
155,ILE,"(np.float32(13.973586), np.float32(51.238895), np.float32(32.042633))",4.5
156,LYS,"(np.float32(18.3411), np.float32(50.746235), np.float32(29.23775))",-3.9
157,GLU,"(np.float32(18.198927), np.float32(56.874836), np.float32(30.122072))",-3.5
158,THR,"(np.float32(17.637468), np.float32(54.794437), np.float32(34.982796))",-0.7
159,GLY,"(np.float32(21.043741), np.float32(53.000572), np.float32(35.01573))",-0.4
160,VAL,"(np.float32(19.009499), np.float32(50.893555), np.float32(37.143703))",4.2
161,PRO,"(np.float32(20.580969), np.float32(47.481083), np.float32(36.719315))",-1.6
162,ILE,"(np.float32(16.807829), np.float32(45.25051), np.float32(34.276093))",4.5
163,ALA,"(np.float32(19.087137), np.float32(42.244423), np.float32(36.499336))",1.8
164,GLY,"(np.float32(16.870586), np.float32(40.970654), np.float32(39.424572))",-0.4
165,ARG,"(np.float32(15.564507), np.float32(44.47784), np.float32(40.58611))",-4.5
166,HIS,"(np.float32(9.717923), np.float32(41.91317), np.float32(40.844425))",-3.2
167,ALA,"(np.float32(8.893575), np.float32(43.36544), np.float32(37.332882))",1.8
168,VAL,"(np.float32(5.1217318), np.float32(44.827473), np.float32(37.63339))",4.2
169,VAL,"(np.float32(3.5731175), np.float32(44.27589), np.float32(33.534393))",4.2
170,VAL,"(np.float32(-0.21466257), np.float32(46.52912), np.float32(34.440308))",4.2
171,GLY,"(np.float32(-0.8668422), np.float32(44.25846), np.float32(31.090893))",-0.4
172,ARG,"(np.float32(-3.3840957), np.float32(40.125618), np.float32(29.322493))",-4.5
173,SER,"(np.float32(-1.3563176), np.float32(43.91778), np.float32(25.042288))",-0.8
174,LYS,"(np.float32(-1.2860277), np.float32(41.179016), np.float32(20.693314))",-3.9
175,ILE,"(np.float32(0.566447), np.float32(46.383595), np.float32(20.899189))",4.5
176,VAL,"(np.float32(2.229203), np.float32(47.0202), np.float32(25.203602))",4.2
177,GLY,"(np.float32(2.3799849), np.float32(43.942398), np.float32(27.640135))",-0.4
178,ALA,"(np.float32(3.0915244), np.float32(40.992805), np.float32(26.306227))",1.8
179,PRO,"(np.float32(5.529455), np.float32(42.55941), np.float32(24.50604))",-1.6
180,MET,"(np.float32(7.4215217), np.float32(45.353077), np.float32(28.317537))",1.9
181,HIS,"(np.float32(6.8321886), np.float32(39.43232), np.float32(30.182558))",-3.2
182,ASP,"(np.float32(8.594821), np.float32(39.00589), np.float32(26.68268))",-3.5
183,LEU,"(np.float32(11.723602), np.float32(43.127632), np.float32(26.499043))",3.8
184,LEU,"(np.float32(11.414321), np.float32(43.133705), np.float32(31.427807))",3.8
185,LEU,"(np.float32(12.00647), np.float32(37.561146), np.float32(31.15749))",3.8
186,TRP,"(np.float32(14.145951), np.float32(36.409206), np.float32(27.801579))",-0.9
187,ASN,"(np.float32(16.710318), np.float32(42.224586), np.float32(29.96161))",-3.5
188,ASN,"(np.float32(17.583183), np.float32(38.602364), np.float32(33.27367))",-3.5
189,ALA,"(np.float32(13.70678), np.float32(40.257034), np.float32(35.146805))",1.8
190,THR,"(np.float32(11.627711), np.float32(38.633205), np.float32(38.22439))",-0.7
191,VAL,"(np.float32(8.217209), np.float32(39.355923), np.float32(35.33551))",4.2
192,THR,"(np.float32(4.5474224), np.float32(40.079517), np.float32(37.699173))",-0.7
193,THR,"(np.float32(1.7324964), np.float32(39.774117), np.float32(34.212883))",-0.7
194,CYS,"(np.float32(-0.88918465), np.float32(42.21707), np.float32(36.2645))",2.5
195,HIS,"(np.float32(-4.760507), np.float32(40.363785), np.float32(34.415))",-3.2
196,SER,"(np.float32(-8.753484), np.float32(42.325195), np.float32(34.388844))",-0.8
197,LYS,"(np.float32(-9.643651), np.float32(38.887333), np.float32(35.527428))",-3.9
198,THR,"(np.float32(-5.402989), np.float32(40.776413), np.float32(38.95221))",-0.7
199,ALA,"(np.float32(-6.1272736), np.float32(40.101357), np.float32(42.67326))",1.8
200,HIS,"(np.float32(-5.512229), np.float32(41.58895), np.float32(46.081356))",-3.2
201,LEU,"(np.float32(-3.4161875), np.float32(45.4731), np.float32(41.243675))",3.8
202,ASP,"(np.float32(-2.7445009), np.float32(46.83725), np.float32(45.802605))",-3.5
203,GLU,"(np.float32(-0.97094136), np.float32(43.395126), np.float32(47.444096))",-3.5
204,GLU,"(np.float32(0.8176666), np.float32(42.0523), np.float32(42.72941))",-3.5
205,VAL,"(np.float32(2.0161846), np.float32(47.400723), np.float32(41.969067))",4.2
206,ASN,"(np.float32(4.15115), np.float32(47.39037), np.float32(46.502464))",-3.5
207,LYS,"(np.float32(5.474787), np.float32(42.59648), np.float32(44.188286))",-3.9
208,GLY,"(np.float32(7.857577), np.float32(47.051037), np.float32(41.93166))",-0.4
209,ASP,"(np.float32(11.786052), np.float32(47.160774), np.float32(41.672123))",-3.5
210,ILE,"(np.float32(10.622146), np.float32(47.75762), np.float32(37.12615))",4.5
211,LEU,"(np.float32(5.6262197), np.float32(49.811832), np.float32(37.2748))",3.8
212,VAL,"(np.float32(5.152089), np.float32(48.83237), np.float32(32.945606))",4.2
213,VAL,"(np.float32(1.2650235), np.float32(50.936565), np.float32(33.35033))",4.2
214,ALA,"(np.float32(-0.7880506), np.float32(49.160007), np.float32(29.89695))",1.8
215,THR,"(np.float32(-4.425073), np.float32(49.824036), np.float32(31.394209))",-0.7
216,GLY,"(np.float32(-6.516421), np.float32(52.52362), np.float32(29.784838))",-0.4
217,GLN,"(np.float32(-8.148766), np.float32(52.14296), np.float32(32.613354))",-3.5
218,PRO,"(np.float32(-7.9421034), np.float32(56.71046), np.float32(33.9081))",-1.6
219,GLU,"(np.float32(-5.204346), np.float32(58.912384), np.float32(37.181774))",-3.5
220,MET,"(np.float32(-5.655496), np.float32(51.971508), np.float32(37.41193))",1.9
221,VAL,"(np.float32(-1.9327921), np.float32(53.00502), np.float32(39.21153))",4.2
222,LYS,"(np.float32(-3.7609258), np.float32(55.206757), np.float32(42.61058))",-3.9
223,GLY,"(np.float32(0.8502195), np.float32(55.927917), np.float32(44.51207))",-0.4
224,GLU,"(np.float32(-1.3058528), np.float32(54.877743), np.float32(47.8941))",-3.5
225,TRP,"(np.float32(-1.6815624), np.float32(50.841305), np.float32(44.292114))",-0.9
226,ILE,"(np.float32(4.209938), np.float32(52.97317), np.float32(43.86004))",4.5
227,LYS,"(np.float32(8.716156), np.float32(49.363853), np.float32(45.69176))",-3.9
228,PRO,"(np.float32(9.375583), np.float32(52.730465), np.float32(47.73698))",-1.6
229,GLY,"(np.float32(12.028808), np.float32(53.682934), np.float32(44.10678))",-0.4
230,ALA,"(np.float32(10.262802), np.float32(52.935516), np.float32(41.645805))",1.8
231,ILE,"(np.float32(11.624245), np.float32(52.447643), np.float32(37.65696))",4.5
232,VAL,"(np.float32(7.1536183), np.float32(54.49709), np.float32(36.9673))",4.2
233,ILE,"(np.float32(7.1767817), np.float32(53.153004), np.float32(32.728725))",4.5
234,ASP,"(np.float32(2.4880898), np.float32(55.776924), np.float32(32.099022))",-3.5
235,CYS,"(np.float32(2.209422), np.float32(53.267426), np.float32(28.357328))",2.5
236,GLY,"(np.float32(-0.9573974), np.float32(56.134586), np.float32(28.91927))",-0.4
237,ILE,"(np.float32(-2.8522255), np.float32(57.96679), np.float32(26.081633))",4.5
238,ASN,"(np.float32(-6.127023), np.float32(58.29861), np.float32(29.327805))",-3.5
239,TYR,"(np.float32(-7.9582415), np.float32(61.74398), np.float32(25.822178))",-1.3
240,LYS,"(np.float32(-5.890929), np.float32(67.11792), np.float32(31.093908))",-3.9
241,VAL,"(np.float32(-3.9245615), np.float32(63.968357), np.float32(28.536448))",4.2
242,VAL,"(np.float32(-4.191276), np.float32(61.330494), np.float32(31.818785))",4.2
243,GLY,"(np.float32(-2.5074725), np.float32(58.37302), np.float32(32.620678))",-0.4
244,ASP,"(np.float32(-2.639385), np.float32(54.335526), np.float32(33.064877))",-3.5
245,VAL,"(np.float32(-0.11905868), np.float32(56.473743), np.float32(36.74641))",4.2
246,ALA,"(np.float32(-1.3156487), np.float32(58.764267), np.float32(39.704914))",1.8
247,TYR,"(np.float32(3.1655), np.float32(62.322216), np.float32(37.683895))",-1.3
248,ASP,"(np.float32(0.93604326), np.float32(64.478355), np.float32(41.33086))",-3.5
249,GLU,"(np.float32(-0.4605685), np.float32(60.103626), np.float32(44.062786))",-3.5
250,ALA,"(np.float32(3.8352401), np.float32(58.58588), np.float32(42.097782))",1.8
251,LYS,"(np.float32(5.507085), np.float32(63.026363), np.float32(41.802677))",-3.9
252,GLU,"(np.float32(5.965165), np.float32(62.432934), np.float32(45.94775))",-3.5
253,ARG,"(np.float32(5.7478523), np.float32(55.981884), np.float32(47.334538))",-4.5
254,ALA,"(np.float32(9.252502), np.float32(57.28416), np.float32(42.62762))",1.8
255,SER,"(np.float32(13.056729), np.float32(57.03085), np.float32(41.40323))",-0.8
256,PHE,"(np.float32(13.865474), np.float32(57.21096), np.float32(38.09643))",2.8
257,ILE,"(np.float32(8.117577), np.float32(59.10913), np.float32(36.612595))",4.5
258,THR,"(np.float32(6.971284), np.float32(58.41345), np.float32(32.760403))",-0.7
259,PRO,"(np.float32(5.9751062), np.float32(62.016434), np.float32(31.677048))",-1.6
260,VAL,"(np.float32(1.5172048), np.float32(61.739803), np.float32(30.450907))",4.2
261,PRO,"(np.float32(2.3389525), np.float32(64.18933), np.float32(27.831638))",-1.6
262,GLY,"(np.float32(6.429056), np.float32(62.939663), np.float32(27.008831))",-0.4
263,GLY,"(np.float32(7.2990246), np.float32(59.858788), np.float32(27.17998))",-0.4
264,VAL,"(np.float32(6.131459), np.float32(56.304504), np.float32(26.18257))",4.2
265,GLY,"(np.float32(5.3838854), np.float32(58.419586), np.float32(22.89821))",-0.4
266,PRO,"(np.float32(7.8614216), np.float32(60.25941), np.float32(22.15238))",-1.6
267,MET,"(np.float32(10.904802), np.float32(56.998245), np.float32(23.18024))",1.9
268,THR,"(np.float32(6.875974), np.float32(54.72037), np.float32(20.294401))",-0.7
269,VAL,"(np.float32(7.9112687), np.float32(57.4656), np.float32(16.993372))",4.2
270,ALA,"(np.float32(11.846039), np.float32(56.545918), np.float32(17.731987))",1.8
271,MET,"(np.float32(12.336202), np.float32(52.859592), np.float32(18.98606))",1.9
272,LEU,"(np.float32(8.903669), np.float32(53.008564), np.float32(13.900573))",3.8
273,MET,"(np.float32(11.503038), np.float32(55.801613), np.float32(12.573546))",1.9
274,GLN,"(np.float32(15.767396), np.float32(52.095703), np.float32(15.877274))",-3.5
275,SER,"(np.float32(13.033034), np.float32(49.387367), np.float32(13.251653))",-0.8
276,THR,"(np.float32(12.625502), np.float32(51.653988), np.float32(9.53531))",-0.7
277,VAL,"(np.float32(16.991058), np.float32(52.33173), np.float32(9.776763))",4.2
278,GLU,"(np.float32(17.106611), np.float32(47.32462), np.float32(11.7703))",-3.5
279,SER,"(np.float32(14.774575), np.float32(47.517395), np.float32(7.416892))",-0.8
280,ALA,"(np.float32(17.25011), np.float32(49.197056), np.float32(5.286909))",1.8
281,LYS,"(np.float32(21.93938), np.float32(48.6364), np.float32(7.7063365))",-3.9
282,ARG,"(np.float32(18.375292), np.float32(43.28053), np.float32(8.772019))",-4.5
283,PHE,"(np.float32(17.574495), np.float32(45.477173), np.float32(1.1421376))",2.8
284,LEU,"(np.float32(21.873384), np.float32(47.413055), np.float32(1.8530555))",3.8
285,GLU,"(np.float32(23.31599), np.float32(44.13842), np.float32(5.6742787))",-3.5
286,ALA,"(np.float32(-3.2804694), np.float32(17.987331), np.float32(56.008972))",1.8
287,PRO,"(np.float32(-1.7666537), np.float32(15.853496), np.float32(53.68999))",-1.6
288,ALA,"(np.float32(-1.3309644), np.float32(16.679436), np.float32(49.861423))",1.8
289,GLU,"(np.float32(-4.7848406), np.float32(14.933876), np.float32(47.63231))",-3.5
290,ILE,"(np.float32(-1.2753708), np.float32(12.54314), np.float32(45.318104))",4.5
291,LEU,"(np.float32(-1.9554019), np.float32(15.230242), np.float32(41.110268))",3.8
292,ASN,"(np.float32(-1.9452), np.float32(9.594735), np.float32(39.591125))",-3.5
293,GLY,"(np.float32(-0.573387), np.float32(10.667427), np.float32(36.034786))",-0.4
294,LYS,"(np.float32(-0.09113194), np.float32(5.601846), np.float32(35.772297))",-3.9
295,GLU,"(np.float32(-4.572559), np.float32(7.012605), np.float32(37.811504))",-3.5
296,ILE,"(np.float32(-4.8860874), np.float32(11.55237), np.float32(34.952904))",4.5
297,SER,"(np.float32(-2.7816093), np.float32(9.428452), np.float32(31.433584))",-0.8
298,ALA,"(np.float32(-5.1633334), np.float32(6.592057), np.float32(31.166315))",1.8
299,GLN,"(np.float32(-8.728886), np.float32(8.8253765), np.float32(32.798447))",-3.5
300,ILE,"(np.float32(-6.6244464), np.float32(11.51586), np.float32(28.777975))",4.5
301,ARG,"(np.float32(-4.1514134), np.float32(6.8879313), np.float32(27.201633))",-4.5
302,ALA,"(np.float32(-9.491186), np.float32(6.351067), np.float32(26.801107))",1.8
303,ARG,"(np.float32(-11.366731), np.float32(10.641163), np.float32(28.452225))",-4.5
304,LEU,"(np.float32(-8.2769165), np.float32(10.500045), np.float32(22.919542))",3.8
305,LYS,"(np.float32(-9.753339), np.float32(4.4189577), np.float32(21.721685))",-3.9
306,ASN,"(np.float32(-13.777406), np.float32(6.500009), np.float32(22.870249))",-3.5
307,GLN,"(np.float32(-12.548536), np.float32(11.452973), np.float32(21.021204))",-3.5
308,VAL,"(np.float32(-10.739219), np.float32(8.432424), np.float32(17.193983))",4.2
309,THR,"(np.float32(-13.978689), np.float32(5.356949), np.float32(17.363054))",-0.7
310,GLN,"(np.float32(-17.535494), np.float32(7.957768), np.float32(17.509289))",-3.5
311,LEU,"(np.float32(-14.122987), np.float32(11.225019), np.float32(14.43309))",3.8
312,LYS,"(np.float32(-12.518252), np.float32(6.452367), np.float32(12.446043))",-3.9
313,GLU,"(np.float32(-18.110003), np.float32(5.287722), np.float32(13.476195))",-3.5
314,GLN,"(np.float32(-20.124493), np.float32(10.563409), np.float32(12.552766))",-3.5
315,VAL,"(np.float32(-16.279253), np.float32(10.854413), np.float32(8.84999))",4.2
316,PRO,"(np.float32(-16.822382), np.float32(7.421352), np.float32(6.8254933))",-1.6
317,GLY,"(np.float32(-12.272417), np.float32(7.303461), np.float32(6.143143))",-0.4
318,PHE,"(np.float32(-10.92209), np.float32(11.1139765), np.float32(9.159878))",2.8
319,THR,"(np.float32(-7.464558), np.float32(8.460812), np.float32(8.871904))",-0.7
320,PRO,"(np.float32(-6.719538), np.float32(10.159907), np.float32(12.33491))",-1.6
321,ARG,"(np.float32(-1.0579756), np.float32(10.199143), np.float32(8.763221))",-4.5
322,LEU,"(np.float32(1.2349473), np.float32(11.274454), np.float32(13.759589))",3.8
323,ALA,"(np.float32(4.2518077), np.float32(12.087081), np.float32(11.580902))",1.8
324,ILE,"(np.float32(7.4354663), np.float32(10.65564), np.float32(13.949192))",4.5
325,LEU,"(np.float32(11.135852), np.float32(13.186131), np.float32(10.779724))",3.8
326,GLN,"(np.float32(14.3909445), np.float32(9.519002), np.float32(13.347693))",-3.5
327,VAL,"(np.float32(17.696678), np.float32(12.34508), np.float32(11.737242))",4.2
328,GLY,"(np.float32(19.007603), np.float32(8.68575), np.float32(12.585161))",-0.4
329,ASN,"(np.float32(19.660135), np.float32(5.063386), np.float32(15.136616))",-3.5
330,ARG,"(np.float32(19.991367), np.float32(9.696134), np.float32(19.766499))",-4.5
331,ASP,"(np.float32(19.565172), np.float32(4.1883264), np.float32(21.41116))",-3.5
332,ASP,"(np.float32(17.371485), np.float32(8.423016), np.float32(23.113651))",-3.5
333,SER,"(np.float32(15.135747), np.float32(8.67691), np.float32(19.997616))",-0.8
334,ASN,"(np.float32(14.833034), np.float32(4.646336), np.float32(18.68325))",-3.5
335,LEU,"(np.float32(13.206574), np.float32(3.9400747), np.float32(23.431377))",3.8
336,TYR,"(np.float32(12.097033), np.float32(8.925912), np.float32(24.10636))",-1.3
337,ILE,"(np.float32(9.755865), np.float32(7.237524), np.float32(18.352299))",4.5
338,ASN,"(np.float32(8.325371), np.float32(2.8071752), np.float32(20.950321))",-3.5
339,VAL,"(np.float32(6.1677012), np.float32(5.1533), np.float32(23.43237))",4.2
340,LYS,"(np.float32(5.6932464), np.float32(9.069112), np.float32(20.67952))",-3.9
341,LEU,"(np.float32(4.4042573), np.float32(4.8696947), np.float32(17.192574))",3.8
342,LYS,"(np.float32(2.4233665), np.float32(1.2253646), np.float32(22.000679))",-3.9
343,ALA,"(np.float32(-0.10389639), np.float32(5.376058), np.float32(21.733232))",1.8
344,ALA,"(np.float32(-1.3157365), np.float32(6.060472), np.float32(18.450384))",1.8
345,GLU,"(np.float32(-1.6631505), np.float32(2.709121), np.float32(16.3135))",-3.5
346,GLU,"(np.float32(-4.711151), np.float32(1.46134), np.float32(21.604206))",-3.5
347,ILE,"(np.float32(-5.783854), np.float32(6.283143), np.float32(20.425978))",4.5
348,GLY,"(np.float32(-6.3859386), np.float32(5.145166), np.float32(16.17048))",-0.4
349,ILE,"(np.float32(-3.7370005), np.float32(7.7987833), np.float32(15.831124))",4.5
350,LYS,"(np.float32(-2.0970042), np.float32(6.5780597), np.float32(10.076091))",-3.9
351,ALA,"(np.float32(1.5913981), np.float32(6.2728643), np.float32(12.834903))",1.8
352,THR,"(np.float32(4.064453), np.float32(7.594622), np.float32(9.902698))",-0.7
353,HIS,"(np.float32(9.247783), np.float32(6.2483606), np.float32(12.030714))",-3.2
354,ILE,"(np.float32(10.0458355), np.float32(9.121295), np.float32(8.347118))",4.5
355,LYS,"(np.float32(14.753046), np.float32(5.8885083), np.float32(10.797485))",-3.9
356,LEU,"(np.float32(16.137411), np.float32(10.015975), np.float32(7.613433))",3.8
357,PRO,"(np.float32(19.97206), np.float32(8.415873), np.float32(7.1607327))",-1.6
358,ARG,"(np.float32(24.885431), np.float32(9.918518), np.float32(11.313522))",-4.5
359,THR,"(np.float32(24.201347), np.float32(10.310194), np.float32(5.661757))",-0.7
360,THR,"(np.float32(20.787182), np.float32(13.07524), np.float32(6.145809))",-0.7
361,THR,"(np.float32(21.53064), np.float32(16.642511), np.float32(4.04691))",-0.7
362,GLU,"(np.float32(19.801039), np.float32(21.362803), np.float32(6.165966))",-3.5
363,SER,"(np.float32(18.382612), np.float32(19.499266), np.float32(1.9474167))",-0.8
364,GLU,"(np.float32(18.018726), np.float32(15.132584), np.float32(2.4863315))",-3.5
365,VAL,"(np.float32(15.357197), np.float32(17.324791), np.float32(6.528669))",4.2
366,MET,"(np.float32(13.950216), np.float32(21.491013), np.float32(4.905281))",1.9
367,LYS,"(np.float32(11.929932), np.float32(17.441715), np.float32(0.022530321))",-3.9
368,TYR,"(np.float32(11.504401), np.float32(13.673585), np.float32(3.704406))",-1.3
369,ILE,"(np.float32(9.569486), np.float32(19.209444), np.float32(6.6536694))",4.5
370,THR,"(np.float32(7.883721), np.float32(20.477417), np.float32(2.3171012))",-0.7
371,SER,"(np.float32(6.354815), np.float32(16.477852), np.float32(2.1960418))",-0.8
372,LEU,"(np.float32(5.083668), np.float32(15.888114), np.float32(5.908456))",3.8
373,ASN,"(np.float32(3.978024), np.float32(20.757229), np.float32(5.33514))",-3.5
374,GLU,"(np.float32(2.3330421), np.float32(20.166107), np.float32(0.8650729))",-3.5
375,ASP,"(np.float32(0.43906155), np.float32(14.79893), np.float32(3.0430965))",-3.5
376,SER,"(np.float32(-3.6885095), np.float32(15.952284), np.float32(2.6918318))",-0.8
377,THR,"(np.float32(-2.9812934), np.float32(12.332381), np.float32(4.64343))",-0.7
378,VAL,"(np.float32(-0.4473551), np.float32(14.409928), np.float32(7.4698887))",4.2
379,HIS,"(np.float32(-4.05791), np.float32(15.359025), np.float32(9.994871))",-3.2
380,GLY,"(np.float32(0.5490292), np.float32(15.741792), np.float32(12.115556))",-0.4
381,PHE,"(np.float32(4.756699), np.float32(17.195011), np.float32(11.1036215))",2.8
382,LEU,"(np.float32(7.0624485), np.float32(15.191669), np.float32(15.358141))",3.8
383,VAL,"(np.float32(11.085008), np.float32(16.789238), np.float32(14.261818))",4.2
384,GLN,"(np.float32(12.432343), np.float32(13.20011), np.float32(17.787754))",-3.5
385,LEU,"(np.float32(14.778433), np.float32(16.913446), np.float32(18.576027))",3.8
386,PRO,"(np.float32(18.358334), np.float32(15.22563), np.float32(19.130749))",-1.6
387,LEU,"(np.float32(18.73488), np.float32(16.22235), np.float32(14.565074))",3.8
388,ASP,"(np.float32(21.98118), np.float32(11.445691), np.float32(14.470034))",-3.5
389,SER,"(np.float32(23.895164), np.float32(14.138032), np.float32(11.383497))",-0.8
390,GLU,"(np.float32(27.77322), np.float32(12.84446), np.float32(8.849466))",-3.5
391,ASN,"(np.float32(25.959305), np.float32(16.408955), np.float32(8.068705))",-3.5
392,SER,"(np.float32(25.856295), np.float32(20.5842), np.float32(9.934727))",-0.8
393,ILE,"(np.float32(21.375286), np.float32(20.029316), np.float32(10.432491))",4.5
394,ASN,"(np.float32(19.67391), np.float32(25.094799), np.float32(11.459379))",-3.5
395,THR,"(np.float32(17.57196), np.float32(22.486286), np.float32(14.618535))",-0.7
396,GLU,"(np.float32(16.112667), np.float32(27.064146), np.float32(15.512133))",-3.5
397,GLU,"(np.float32(16.563227), np.float32(26.842262), np.float32(9.591426))",-3.5
398,VAL,"(np.float32(14.19181), np.float32(22.107622), np.float32(10.627806))",4.2
399,ILE,"(np.float32(11.469008), np.float32(23.042402), np.float32(13.889886))",4.5
400,ASN,"(np.float32(10.669926), np.float32(27.255302), np.float32(12.258961))",-3.5
401,ALA,"(np.float32(9.561278), np.float32(24.513926), np.float32(8.3373785))",1.8
402,ILE,"(np.float32(7.0326805), np.float32(22.631256), np.float32(10.888249))",4.5
403,ALA,"(np.float32(3.3049002), np.float32(23.760035), np.float32(9.427351))",1.8
404,PRO,"(np.float32(1.943832), np.float32(26.159641), np.float32(11.748185))",-1.6
405,GLU,"(np.float32(-1.3492112), np.float32(23.522308), np.float32(9.687076))",-3.5
406,LYS,"(np.float32(0.5967687), np.float32(19.827871), np.float32(9.940709))",-3.9
407,ASP,"(np.float32(3.6278677), np.float32(22.346619), np.float32(15.411325))",-3.5
408,VAL,"(np.float32(1.7773883), np.float32(18.491001), np.float32(17.220654))",4.2
409,ASP,"(np.float32(5.6831245), np.float32(19.001383), np.float32(19.572636))",-3.5
410,GLY,"(np.float32(4.7192016), np.float32(23.754723), np.float32(19.5633))",-0.4
411,LEU,"(np.float32(8.337809), np.float32(23.970423), np.float32(19.711954))",3.8
412,THR,"(np.float32(6.7732644), np.float32(26.605713), np.float32(15.754838))",-0.7
413,SER,"(np.float32(8.216368), np.float32(30.617548), np.float32(16.308687))",-0.8
414,ILE,"(np.float32(4.2286835), np.float32(30.923313), np.float32(14.027469))",4.5
415,ASN,"(np.float32(2.5077786), np.float32(27.877003), np.float32(18.013582))",-3.5
416,ALA,"(np.float32(4.792326), np.float32(30.543818), np.float32(20.198956))",1.8
417,GLY,"(np.float32(3.1170158), np.float32(33.489452), np.float32(19.354902))",-0.4
418,ARG,"(np.float32(-0.49342927), np.float32(31.377384), np.float32(16.535206))",-4.5
419,LEU,"(np.float32(0.6473938), np.float32(30.315659), np.float32(23.27826))",3.8
420,ALA,"(np.float32(2.0810673), np.float32(34.32863), np.float32(23.75728))",1.8
421,ARG,"(np.float32(1.4627401), np.float32(37.501884), np.float32(22.452919))",-4.5
422,GLY,"(np.float32(-3.846261), np.float32(34.08114), np.float32(23.264349))",-0.4
423,ASP,"(np.float32(-4.103662), np.float32(32.639183), np.float32(19.832365))",-3.5
424,LEU,"(np.float32(-5.0822144), np.float32(29.158453), np.float32(23.684658))",3.8
425,ASN,"(np.float32(-8.769109), np.float32(28.98), np.float32(19.891542))",-3.5
426,ASP,"(np.float32(-6.315047), np.float32(27.68795), np.float32(17.076622))",-3.5
427,CYS,"(np.float32(-2.57969), np.float32(26.984062), np.float32(19.652622))",2.5
428,PHE,"(np.float32(-0.72200596), np.float32(23.034239), np.float32(18.079395))",2.8
429,ILE,"(np.float32(-0.15781924), np.float32(23.353249), np.float32(23.903456))",4.5
430,PRO,"(np.float32(3.8488743), np.float32(22.571419), np.float32(24.301758))",-1.6
431,CYS,"(np.float32(3.9934535), np.float32(17.965858), np.float32(25.8441))",2.5
432,THR,"(np.float32(5.2971425), np.float32(19.266132), np.float32(29.36475))",-0.7
433,PRO,"(np.float32(3.176486), np.float32(22.53705), np.float32(29.263767))",-1.6
434,LYS,"(np.float32(-1.3443537), np.float32(20.388763), np.float32(26.924198))",-3.9
435,GLY,"(np.float32(-0.114722334), np.float32(18.644335), np.float32(31.38459))",-0.4
436,CYS,"(np.float32(1.4278294), np.float32(20.900171), np.float32(33.721878))",2.5
437,LEU,"(np.float32(-3.165964), np.float32(23.25685), np.float32(32.35647))",3.8
438,GLU,"(np.float32(-5.408679), np.float32(18.451517), np.float32(32.245853))",-3.5
439,LEU,"(np.float32(-2.3261566), np.float32(17.829647), np.float32(36.31358))",3.8
440,ILE,"(np.float32(-3.6041853), np.float32(22.728048), np.float32(37.424694))",4.5
441,LYS,"(np.float32(-7.7533813), np.float32(22.598875), np.float32(34.519047))",-3.9
442,GLU,"(np.float32(-8.01887), np.float32(16.96907), np.float32(37.12457))",-3.5
443,THR,"(np.float32(-7.528509), np.float32(20.477928), np.float32(41.22547))",-0.7
444,GLY,"(np.float32(-11.026652), np.float32(22.14319), np.float32(40.64951))",-0.4
445,VAL,"(np.float32(-9.041544), np.float32(24.910608), np.float32(41.88192))",4.2
446,PRO,"(np.float32(-10.5291395), np.float32(27.910175), np.float32(40.12349))",-1.6
447,ILE,"(np.float32(-6.627461), np.float32(29.067316), np.float32(37.17749))",4.5
448,ALA,"(np.float32(-8.872643), np.float32(32.71957), np.float32(37.961376))",1.8
449,GLY,"(np.float32(-6.765288), np.float32(35.09786), np.float32(40.25388))",-0.4
450,ARG,"(np.float32(-5.256774), np.float32(30.538477), np.float32(41.458557))",-4.5
451,HIS,"(np.float32(0.29057464), np.float32(34.75055), np.float32(41.995636))",-3.2
452,ALA,"(np.float32(1.2591639), np.float32(32.039894), np.float32(39.402008))",1.8
453,VAL,"(np.float32(5.0460505), np.float32(30.897928), np.float32(40.452087))",4.2
454,VAL,"(np.float32(6.759987), np.float32(29.8018), np.float32(36.502674))",4.2
455,VAL,"(np.float32(10.488616), np.float32(28.106638), np.float32(38.337955))",4.2
456,GLY,"(np.float32(11.265119), np.float32(28.79467), np.float32(34.425243))",-0.4
457,ARG,"(np.float32(13.830034), np.float32(31.924646), np.float32(31.317415))",-4.5
458,SER,"(np.float32(11.944705), np.float32(26.730082), np.float32(28.745726))",-0.8
459,LYS,"(np.float32(12.206148), np.float32(27.476046), np.float32(23.717806))",-3.9
460,ILE,"(np.float32(10.208223), np.float32(22.711073), np.float32(25.896576))",4.5
461,VAL,"(np.float32(8.3815155), np.float32(23.888187), np.float32(30.001263))",4.2
462,GLY,"(np.float32(8.15009), np.float32(27.71418), np.float32(31.011131))",-0.4
463,ALA,"(np.float32(7.4306417), np.float32(29.763884), np.float32(28.517952))",1.8
464,PRO,"(np.float32(5.0623455), np.float32(27.606827), np.float32(27.394897))",-1.6
465,MET,"(np.float32(3.0776749), np.float32(26.651354), np.float32(31.99888))",1.9
466,HIS,"(np.float32(3.6012845), np.float32(32.83637), np.float32(31.10767))",-3.2
467,ASP,"(np.float32(1.8743478), np.float32(31.622986), np.float32(27.811749))",-3.5
468,LEU,"(np.float32(-1.0389612), np.float32(27.92129), np.float32(29.42126))",3.8
469,LEU,"(np.float32(-0.9674029), np.float32(29.95815), np.float32(33.88532))",3.8
470,LEU,"(np.float32(-1.5688893), np.float32(34.92912), np.float32(31.303324))",3.8
471,TRP,"(np.float32(-3.5870512), np.float32(34.639076), np.float32(27.818802))",-0.9
472,ASN,"(np.float32(-6.3032036), np.float32(30.15307), np.float32(32.04256))",-3.5
473,ASN,"(np.float32(-7.2347236), np.float32(34.818905), np.float32(33.629288))",-3.5
474,ALA,"(np.float32(-3.4036129), np.float32(34.030357), np.float32(36.10776))",1.8
475,THR,"(np.float32(-1.4369053), np.float32(36.760654), np.float32(38.345123))",-0.7
476,VAL,"(np.float32(2.0654743), np.float32(35.061287), np.float32(36.02558))",4.2
477,THR,"(np.float32(5.5881906), np.float32(35.3553), np.float32(38.66078))",-0.7
478,THR,"(np.float32(8.5568), np.float32(34.422333), np.float32(35.37389))",-0.7
479,CYS,"(np.float32(11.007164), np.float32(32.8283), np.float32(38.30475))",2.5
480,HIS,"(np.float32(15.044024), np.float32(33.75401), np.float32(36.191025))",-3.2
481,SER,"(np.float32(18.998352), np.float32(31.931864), np.float32(37.043503))",-0.8
482,LYS,"(np.float32(19.907242), np.float32(35.708202), np.float32(36.709736))",-3.9
483,THR,"(np.float32(15.473793), np.float32(35.140526), np.float32(40.524014))",-0.7
484,ALA,"(np.float32(16.144644), np.float32(37.240376), np.float32(43.689007))",1.8
485,HIS,"(np.float32(15.5234585), np.float32(37.15254), np.float32(47.499695))",-3.2
486,LEU,"(np.float32(13.493799), np.float32(31.798729), np.float32(44.24432))",3.8
487,ASP,"(np.float32(12.706992), np.float32(32.001564), np.float32(48.98175))",-3.5
488,GLU,"(np.float32(11.089551), np.float32(35.810974), np.float32(49.431217))",-3.5
489,GLU,"(np.float32(9.229809), np.float32(35.461338), np.float32(44.30831))",-3.5
490,VAL,"(np.float32(8.020291), np.float32(30.2338), np.float32(45.491177))",4.2
491,ASN,"(np.float32(5.7986083), np.float32(31.768244), np.float32(49.707306))",-3.5
492,LYS,"(np.float32(4.422496), np.float32(34.991016), np.float32(47.24168))",-3.9
493,GLY,"(np.float32(2.2320757), np.float32(30.527874), np.float32(45.139893))",-0.4
494,ASP,"(np.float32(-1.70783), np.float32(30.382044), np.float32(44.880943))",-3.5
495,ILE,"(np.float32(-0.49900475), np.float32(27.998928), np.float32(40.901814))",4.5
496,LEU,"(np.float32(4.519112), np.float32(26.1856), np.float32(42.007065))",3.8
497,VAL,"(np.float32(5.1458764), np.float32(25.329025), np.float32(37.681747))",4.2
498,VAL,"(np.float32(9.009209), np.float32(23.638077), np.float32(39.09364))",4.2
499,ALA,"(np.float32(11.1744375), np.float32(23.82), np.float32(35.322243))",1.8
500,THR,"(np.float32(14.766), np.float32(23.781002), np.float32(37.07283))",-0.7
501,GLY,"(np.float32(16.959679), np.float32(20.709303), np.float32(36.822075))",-0.4
502,GLN,"(np.float32(18.356842), np.float32(22.452024), np.float32(39.35026))",-3.5
503,PRO,"(np.float32(17.965704), np.float32(18.571741), np.float32(41.927017))",-1.6
504,GLU,"(np.float32(15.241326), np.float32(17.74311), np.float32(45.80733))",-3.5
505,MET,"(np.float32(16.309597), np.float32(24.445), np.float32(44.07273))",1.9
506,VAL,"(np.float32(11.942757), np.float32(23.915968), np.float32(45.503624))",4.2
507,LYS,"(np.float32(13.737419), np.float32(22.93371), np.float32(49.475456))",-3.9
508,GLY,"(np.float32(9.0009985), np.float32(23.245533), np.float32(51.47693))",-0.4
509,GLU,"(np.float32(9.500788), np.float32(26.630585), np.float32(54.526382))",-3.5
510,TRP,"(np.float32(11.57246), np.float32(27.743898), np.float32(48.88541))",-0.9
511,ILE,"(np.float32(5.652255), np.float32(25.675144), np.float32(49.34638))",4.5
512,LYS,"(np.float32(1.1473707), np.float32(29.784319), np.float32(49.525932))",-3.9
513,PRO,"(np.float32(0.40991464), np.float32(27.573923), np.float32(52.60302))",-1.6
514,GLY,"(np.float32(-2.1725624), np.float32(25.374088), np.float32(49.55138))",-0.4
515,ALA,"(np.float32(-0.34838438), np.float32(25.045803), np.float32(47.034134))",1.8
516,ILE,"(np.float32(-1.5267212), np.float32(23.853178), np.float32(43.096256))",4.5
517,VAL,"(np.float32(2.8950603), np.float32(21.725893), np.float32(43.62411))",4.2
518,ILE,"(np.float32(3.0437467), np.float32(21.284367), np.float32(39.174572))",4.5
519,ASP,"(np.float32(7.7649784), np.float32(18.66534), np.float32(39.820816))",-3.5
520,CYS,"(np.float32(8.227552), np.float32(19.41408), np.float32(35.38083))",2.5
521,GLY,"(np.float32(11.267436), np.float32(16.975534), np.float32(37.148464))",-0.4
522,ILE,"(np.float32(13.205689), np.float32(14.143616), np.float32(34.97516))",4.5
523,ASN,"(np.float32(16.267271), np.float32(14.870654), np.float32(38.450912))",-3.5
524,TYR,"(np.float32(17.475359), np.float32(10.200114), np.float32(36.357113))",-1.3
525,VAL,"(np.float32(19.584269), np.float32(9.789358), np.float32(42.257236))",4.2
526,PRO,"(np.float32(22.245848), np.float32(7.190371), np.float32(42.594982))",-1.6
527,ASP,"(np.float32(18.716665), np.float32(4.1961536), np.float32(45.251026))",-3.5
528,ASP,"(np.float32(21.200642), np.float32(0.61296), np.float32(46.584858))",-3.5
529,LYS,"(np.float32(17.105518), np.float32(1.1893461), np.float32(48.706383))",-3.9
530,LYS,"(np.float32(14.882422), np.float32(1.8518469), np.float32(43.80513))",-3.9
531,PRO,"(np.float32(14.816308), np.float32(-2.0273857), np.float32(41.18003))",-1.6
532,ASN,"(np.float32(16.968336), np.float32(0.721487), np.float32(38.30067))",-3.5
533,GLY,"(np.float32(19.67018), np.float32(1.8705959), np.float32(40.9121))",-0.4
534,ARG,"(np.float32(17.536442), np.float32(5.2462983), np.float32(37.760765))",-4.5
535,LYS,"(np.float32(16.281063), np.float32(8.212829), np.float32(43.436855))",-3.9
536,VAL,"(np.float32(13.28649), np.float32(9.692575), np.float32(39.807056))",4.2
537,VAL,"(np.float32(14.1521225), np.float32(13.332123), np.float32(41.97764))",4.2
538,GLY,"(np.float32(12.617241), np.float32(16.483768), np.float32(41.470512))",-0.4
539,ASP,"(np.float32(12.850522), np.float32(20.301867), np.float32(40.27104))",-3.5
540,VAL,"(np.float32(10.111802), np.float32(19.842014), np.float32(44.419544))",4.2
541,ALA,"(np.float32(11.0323925), np.float32(18.822994), np.float32(48.14489))",1.8
542,TYR,"(np.float32(6.673975), np.float32(14.692352), np.float32(47.47268))",-1.3
543,ASP,"(np.float32(9.0742235), np.float32(14.234342), np.float32(51.353317))",-3.5
544,GLU,"(np.float32(9.554337), np.float32(18.280355), np.float32(52.94061))",-3.5
545,ALA,"(np.float32(5.8674383), np.float32(19.890835), np.float32(49.915447))",1.8
546,LYS,"(np.float32(4.021048), np.float32(15.621528), np.float32(51.248528))",-3.9
547,GLU,"(np.float32(3.16192), np.float32(17.86992), np.float32(54.74924))",-3.5
548,ARG,"(np.float32(3.7201607), np.float32(24.158936), np.float32(53.49439))",-4.5
549,ALA,"(np.float32(0.350354), np.float32(21.344336), np.float32(49.603626))",1.8
550,SER,"(np.float32(-3.3270974), np.float32(21.323397), np.float32(48.131104))",-0.8
551,PHE,"(np.float32(-3.9934537), np.float32(19.618553), np.float32(45.19364))",2.8
552,ILE,"(np.float32(1.8222225), np.float32(17.3913), np.float32(45.001347))",4.5
553,THR,"(np.float32(3.1599314), np.float32(16.507778), np.float32(41.23189))",-0.7
554,PRO,"(np.float32(4.218021), np.float32(12.797098), np.float32(41.92621))",-1.6
555,VAL,"(np.float32(8.678355), np.float32(12.594165), np.float32(40.896538))",4.2
556,PRO,"(np.float32(7.9850936), np.float32(9.1435), np.float32(39.799866))",-1.6
557,GLY,"(np.float32(3.963122), np.float32(10.068938), np.float32(38.140263))",-0.4
558,GLY,"(np.float32(3.044004), np.float32(12.937157), np.float32(37.025265))",-0.4
559,VAL,"(np.float32(4.249602), np.float32(15.683912), np.float32(34.569233))",4.2
560,GLY,"(np.float32(5.3229847), np.float32(12.424008), np.float32(32.629513))",-0.4
561,PRO,"(np.float32(2.956976), np.float32(10.226599), np.float32(32.747284))",-1.6
562,MET,"(np.float32(-0.020507336), np.float32(13.632599), np.float32(31.485552))",1.9
563,THR,"(np.float32(3.941689), np.float32(13.712057), np.float32(27.920757))",-0.7
564,VAL,"(np.float32(2.460542), np.float32(10.708949), np.float32(25.120468))",4.2
565,ALA,"(np.float32(-1.3316692), np.float32(12.111989), np.float32(26.05613))",1.8
566,MET,"(np.float32(-1.2127296), np.float32(15.942638), np.float32(26.358435))",1.9
567,LEU,"(np.float32(1.4211718), np.float32(14.168477), np.float32(21.094128))",3.8
568,MET,"(np.float32(-1.4805822), np.float32(11.398191), np.float32(20.893919))",1.9
569,GLN,"(np.float32(-5.184827), np.float32(16.047134), np.float32(23.47001))",-3.5
570,SER,"(np.float32(-2.457498), np.float32(17.758446), np.float32(19.958729))",-0.8
571,THR,"(np.float32(-2.855517), np.float32(14.670821), np.float32(16.94129))",-0.7
572,VAL,"(np.float32(-7.2065454), np.float32(14.624972), np.float32(17.9325))",4.2
573,GLU,"(np.float32(-6.419211), np.float32(19.304745), np.float32(19.069418))",-3.5
574,SER,"(np.float32(-5.199514), np.float32(18.78748), np.float32(13.97507))",-0.8
575,ALA,"(np.float32(-7.814566), np.float32(16.289787), np.float32(12.916058))",1.8
576,LYS,"(np.float32(-11.32511), np.float32(17.20442), np.float32(15.716646))",-3.9
577,ARG,"(np.float32(-7.906604), np.float32(22.287788), np.float32(14.021252))",-4.5
578,PHE,"(np.float32(-8.3512335), np.float32(18.40415), np.float32(7.7472677))",2.8
579,LEU,"(np.float32(-12.973215), np.float32(17.111103), np.float32(9.636244))",3.8
580,GLU,"(np.float32(-14.406679), np.float32(22.072014), np.float32(11.100362))",-3.5
581,NDP,"(np.float32(14.806028), np.float32(23.702694), np.float32(33.15404))",
582,HOH,"(np.float32(4.6777515), np.float32(46.107807), np.float32(10.893806))",
583,HOH,"(np.float32(4.761974), np.float32(58.290916), np.float32(29.555634))",
584,HOH,"(np.float32(-8.53558), np.float32(54.81186), np.float32(10.405924))",
585,HOH,"(np.float32(8.674562), np.float32(35.32905), np.float32(27.432774))",
586,HOH,"(np.float32(5.9678826), np.float32(49.638424), np.float32(42.328903))",
587,HOH,"(np.float32(-1.2854781), np.float32(46.278763), np.float32(27.598291))",
588,HOH,"(np.float32(14.496041), np.float32(38.89443), np.float32(41.097713))",
589,HOH,"(np.float32(11.195949), np.float32(65.10402), np.float32(20.77639))",
590,HOH,"(np.float32(-4.817066), np.float32(54.650665), np.float32(15.700682))",
591,HOH,"(np.float32(5.1398525), np.float32(35.845608), np.float32(26.296679))",
592,HOH,"(np.float32(10.264477), np.float32(46.9586), np.float32(15.752399))",
593,HOH,"(np.float32(13.553373), np.float32(45.250237), np.float32(17.35804))",
594,HOH,"(np.float32(-10.886855), np.float32(49.279167), np.float32(-0.4611564))",
595,HOH,"(np.float32(-18.368881), np.float32(47.454502), np.float32(2.3350585))",
596,HOH,"(np.float32(12.903394), np.float32(53.1347), np.float32(-1.6129879))",
597,HOH,"(np.float32(18.791676), np.float32(43.8965), np.float32(40.541557))",
598,HOH,"(np.float32(18.314646), np.float32(53.843025), np.float32(20.70528))",
599,HOH,"(np.float32(5.6048846), np.float32(19.474388), np.float32(15.710624))",
600,HOH,"(np.float32(-2.158052), np.float32(21.364183), np.float32(21.693342))",
601,HOH,"(np.float32(4.0296144), np.float32(28.19507), np.float32(46.56743))",
602,HOH,"(np.float32(11.814275), np.float32(25.665771), np.float32(32.16844))",
603,HOH,"(np.float32(5.810056), np.float32(19.189413), np.float32(22.53647))",
604,HOH,"(np.float32(-6.6471515), np.float32(6.8730593), np.float32(12.016775))",
605,HOH,"(np.float32(15.344962), np.float32(12.154576), np.float32(21.20443))",
606,HOH,"(np.float32(1.2721268), np.float32(18.923363), np.float32(22.269384))",
607,HOH,"(np.float32(-4.4118743), np.float32(37.670105), np.float32(41.011333))",
608,HOH,"(np.float32(18.03547), np.float32(9.778573), np.float32(15.905643))",
609,HOH,"(np.float32(6.89483), np.float32(20.354223), np.float32(26.064428))",
610,HOH,"(np.float32(14.39428), np.float32(23.130644), np.float32(41.38698))",
611,HOH,"(np.float32(26.933067), np.float32(13.090414), np.float32(4.4997363))",
612,HOH,"(np.float32(-4.452813), np.float32(22.034801), np.float32(12.687168))",
613,HOH,"(np.float32(1.8573308), np.float32(35.392136), np.float32(27.147512))",
614,HOH,"(np.float32(-4.549906), np.float32(22.623232), np.float32(18.858845))",
615,HOH,"(np.float32(-12.868912), np.float32(6.4372354), np.float32(9.097696))",
616,HOH,"(np.float32(-0.54649794), np.float32(33.66972), np.float32(13.745772))",
