Position,Residue,Binding_Site
1,PRO,No
2,GLN,No
3,ILE,No
4,THR,No
5,LEU,No
6,TRP,No
7,GLN,No
8,ARG,Yes
9,PRO,No
10,LEU,No
11,VAL,No
12,THR,No
13,ILE,No
14,LYS,No
15,ILE,No
16,GLY,No
17,GLY,No
18,GLN,No
19,LEU,No
20,LYS,No
21,GLU,No
22,ALA,No
23,LEU,Yes
24,LEU,No
25,ASP,Yes
26,THR,Yes
27,GLY,Yes
28,ALA,Yes
29,ASP,Yes
30,ASP,Yes
31,THR,Yes
32,VAL,Yes
33,LEU,No
34,GLU,No
35,GLU,No
36,MET,No
37,ASN,No
38,LEU,No
39,PRO,No
40,GLY,No
41,ARG,No
42,TRP,No
43,LYS,No
44,PRO,No
45,LYS,Yes
46,MET,Yes
47,ILE,Yes
48,GLY,Yes
49,GLY,Yes
50,ILE,Yes
51,GLY,No
52,GLY,No
53,PHE,No
54,ILE,No
55,LYS,No
56,VAL,No
57,ARG,No
58,GLN,No
59,TYR,No
60,ASP,No
61,GLN,No
62,ILE,No
63,LEU,No
64,ILE,No
65,GLU,No
66,ILE,No
67,CYS,No
68,GLY,No
69,HIS,No
70,LYS,No
71,ALA,No
72,ILE,No
73,GLY,No
74,THR,No
75,VAL,No
76,LEU,Yes
77,VAL,No
78,GLY,No
79,PRO,No
80,THR,Yes
81,PRO,Yes
82,VAL,Yes
83,ASN,No
84,ILE,Yes
85,ILE,No
86,GLY,No
87,ARG,No
88,ASN,No
89,LEU,No
90,LEU,No
91,THR,No
92,GLN,No
93,ILE,No
94,GLY,No
95,CYS,No
96,THR,No
97,LEU,No
98,ASN,No
99,PHE,No
100,PRO,No
101,GLN,No
102,ILE,No
103,THR,No
104,LEU,No
105,TRP,No
106,GLN,No
107,ARG,Yes
108,PRO,No
109,LEU,No
110,VAL,No
111,THR,No
112,ILE,No
113,LYS,No
114,ILE,No
115,GLY,No
116,GLY,No
117,GLN,No
118,LEU,No
119,LYS,No
120,GLU,No
121,ALA,No
122,LEU,Yes
123,LEU,No
124,ASP,Yes
125,THR,Yes
126,GLY,Yes
127,ALA,Yes
128,ASP,Yes
129,ASP,Yes
130,THR,Yes
131,VAL,Yes
132,LEU,No
133,GLU,No
134,GLU,No
135,MET,No
136,ASN,No
137,LEU,No
138,PRO,No
139,GLY,No
140,ARG,No
141,TRP,No
142,LYS,No
143,PRO,No
144,LYS,Yes
145,MET,Yes
146,ILE,Yes
147,GLY,Yes
148,GLY,Yes
149,ILE,Yes
150,GLY,No
151,GLY,No
152,PHE,Yes
153,ILE,No
154,LYS,No
155,VAL,No
156,ARG,No
157,GLN,No
158,TYR,No
159,ASP,No
160,GLN,No
161,ILE,No
162,LEU,No
163,ILE,No
164,GLU,No
165,ILE,No
166,CYS,No
167,GLY,No
168,HIS,No
169,LYS,No
170,ALA,No
171,ILE,No
172,GLY,No
173,THR,No
174,VAL,No
175,LEU,Yes
176,VAL,No
177,GLY,No
178,PRO,No
179,THR,Yes
180,PRO,Yes
181,VAL,Yes
182,ASN,No
183,ILE,Yes
184,ILE,No
185,GLY,No
186,ARG,No
187,ASN,No
188,LEU,No
189,LEU,No
190,THR,No
191,GLN,No
192,ILE,No
193,GLY,No
194,CYS,No
195,THR,No
196,LEU,No
197,ASN,No
198,PHE,No
199,HOH,No
200,HOH,No
201,HOH,Yes
202,HOH,No
203,HOH,No
204,HOH,No
