File,Res,A,R,N,D,C,Q,E,G,H,I,L,K,M,F,P,S,T,W,Y,V,MI,DI
1a2b_1,1,-3,-4,-5,-5,-3,-4,-4,-5,-5,4,4,-4,1,-1,-4,-4,-2,-4,-3,3,-48,0
1a2b_1,2,-1,3,3,0,-4,3,2,-2,1,-4,-2,2,-2,-4,-3,-1,-1,-4,-2,-4,-20,28
1a2b_1,3,-2,1,-6,-6,1,-4,-5,-6,-3,4,0,-3,0,6,-6,-4,-4,-3,4,0,-36,16
1a2b_1,4,-6,3,-5,-6,-8,-2,-4,-7,-3,-8,-7,8,-6,-8,-6,-5,-6,-8,-7,-7,-98,62
1a2b_1,5,-3,-6,-7,-7,4,-6,-6,-7,-6,5,3,-6,0,-1,-6,-5,-4,-6,-2,4,-62,36
1a2b_1,6,0,-6,-6,-6,2,-5,-6,-5,-4,3,1,-5,0,-3,-6,-4,2,-6,-5,5,-54,8
1a2b_1,7,-3,-6,-6,-7,-1,-6,-6,-7,-6,4,4,-6,2,-1,-6,-4,0,-6,-4,4,-61,7
1a2b_1,8,-2,-6,-4,-7,2,-6,-6,-7,-6,4,3,-6,4,-3,-6,-5,-3,-6,-5,4,-61,0
1a2b_1,9,-5,-8,-6,-7,-8,-7,-7,8,-7,-9,-9,-7,-8,-9,-8,-6,-7,-8,-8,-9,-135,74
1a2b_1,10,0,-4,0,7,-7,-2,1,-4,4,-7,-4,-4,-6,-7,-4,-1,-5,-7,-1,-7,-58,77
1a2b_1,11,0,0,-2,-3,-4,0,-1,3,-3,-3,-3,-1,-1,-5,0,3,-2,-3,-1,1,-25,33
1a2b_1,12,2,-3,0,2,-1,-1,-2,5,-3,-6,-5,-2,-2,-5,-5,0,-2,-6,-2,-5,-41,16
1a2b_1,13,-3,-7,-6,-7,3,-6,-6,-7,4,-1,-4,-6,-4,-6,-7,-2,1,-7,-5,7,-69,28
1a2b_1,14,-4,-8,-6,-7,-8,-7,-8,8,-7,-9,-9,-7,-8,-9,-8,-6,-7,-8,-9,-9,-136,67
1a2b_1,15,-6,-3,-6,-6,-9,-4,-5,-7,-6,-8,-8,8,-7,-9,-6,-6,-6,-9,-7,-8,-118,18
1a2b_1,16,-4,-6,-5,-6,-6,-5,-5,-4,-6,-6,-4,-5,-6,-7,-6,5,7,-7,-7,-5,-88,30
1a2b_1,17,2,-3,-1,-5,6,-2,-3,-5,-5,-6,-6,-3,-5,-6,-5,5,2,-7,-6,-5,-58,30
1a2b_1,18,-5,-6,-7,-8,-5,-6,-7,-8,-7,4,6,-7,2,1,-7,-6,-4,-6,-3,0,-79,21
1a2b_1,19,-1,-3,-6,-6,-2,-5,-6,-5,-6,3,4,-5,3,-1,-6,-4,2,-5,-4,2,-51,28
1a2b_1,20,-1,0,1,1,-2,0,-1,-3,1,2,0,0,2,-1,-3,0,0,-3,-1,1,-7,44
1a2b_1,21,-1,6,-2,-5,1,4,-3,-5,-2,-2,-3,-1,-2,-6,-5,1,0,-6,-1,-1,-33,26
1a2b_1,22,-5,-6,-7,-7,-6,-6,-7,-7,1,2,2,-7,-3,7,-7,-6,-6,-1,6,-3,-66,33
1a2b_1,23,1,1,-2,-3,2,-2,-3,-3,0,1,1,-2,1,-2,-4,0,2,-5,-2,3,-16,50
1a2b_1,24,-2,1,1,1,-3,2,1,0,2,-4,-4,2,-2,-2,-4,1,2,-5,0,-4,-17,1
1a2b_1,25,-2,0,4,3,-5,-1,0,3,-2,-5,-5,1,-5,-6,-5,0,-1,-6,-3,-3,-38,21
1a2b_1,26,-1,2,0,-1,-1,2,3,-1,2,-2,-3,2,-2,-4,-2,0,1,-5,-2,-1,-13,25
1a2b_1,27,-4,-7,-8,-4,-4,-7,-6,-6,-6,-3,-3,-6,-2,9,-7,-6,-6,1,2,1,-72,59
1a2b_1,28,0,-1,0,1,-2,0,0,-1,-2,1,-2,-2,-2,-2,4,1,0,-5,-2,2,-12,60
1a2b_1,29,-1,-2,0,2,-4,1,3,0,0,-3,-3,1,-1,-3,1,1,1,-3,-2,-3,-15,3
1a2b_1,30,-1,0,2,3,-3,1,2,0,0,-3,-3,0,-3,-3,-1,0,0,1,-1,-2,-11,4
1a2b_1,31,-3,-2,-4,-4,0,-1,1,-3,4,-3,-2,-2,0,0,-4,0,0,-3,7,-3,-22,11
1a2b_1,32,0,-1,0,2,-2,1,1,-3,-1,2,-1,1,-1,-3,-2,-1,0,-4,-2,2,-12,10
1a2b_1,33,2,-3,-3,-3,-2,0,-3,0,0,-5,-3,-3,-2,-6,6,2,-1,-6,-4,-3,-37,25
1a2b_1,34,-4,-3,0,-5,-5,-5,-5,0,-4,-2,-3,-4,-5,-6,0,0,7,-6,-6,-4,-60,23
1a2b_1,35,-1,-1,-3,-4,-5,-3,-6,-3,-4,6,0,-4,-2,-2,-2,-3,-1,-6,-5,3,-46,14
1a2b_1,36,-2,-5,-4,-3,-5,-2,2,5,-4,-4,-1,-4,-4,3,-3,-3,1,0,-3,-3,-39,7
1a2b_1,37,0,-3,0,4,-2,1,1,-4,-2,1,-3,-2,-3,-2,0,-2,-2,-5,-4,3,-24,15
1a2b_1,38,-1,-1,3,4,-3,0,2,-4,2,-2,-2,-2,-3,1,-3,1,1,-4,-2,-3,-16,8
1a2b_1,39,-6,-5,-6,-7,-6,-6,-6,-7,4,1,-4,-4,0,7,-7,-5,-4,-3,7,-1,-58,42
1a2b_1,40,-1,2,-1,-2,-2,-1,-2,-1,-2,1,-1,-1,-1,-2,-1,1,3,-1,-1,1,-12,46
1a2b_1,41,0,3,-2,-4,-3,-1,-2,-1,0,0,-1,5,-3,-4,-2,-1,0,-5,-4,-1,-26,14
1a2b_1,42,0,0,0,0,-1,2,1,-4,0,-1,-2,1,-1,-4,1,0,3,-4,-3,-1,-13,13
1a2b_1,43,-1,-3,-5,-4,1,-2,-3,-5,-3,4,1,-4,1,1,-1,-4,-2,-4,0,4,-29,16
1a2b_1,44,-2,-1,0,0,-1,1,2,-3,1,0,-1,-1,2,-1,-1,-1,2,-3,1,1,-5,24
1a2b_1,45,-2,-3,-5,-4,-1,-4,-5,-6,0,5,1,-5,-1,-2,-5,-3,-1,0,-1,5,-37,32
1a2b_1,46,-3,-1,3,6,-6,-1,2,0,-2,-6,-6,-1,-4,-3,-2,-2,1,-7,-5,-5,-42,5
1a2b_1,47,-3,-3,2,2,-2,-2,-1,5,0,-6,-6,-1,-5,-4,0,-1,-1,-2,-5,-6,-39,3
1a2b_1,48,-2,2,0,0,-5,2,3,0,0,-3,-4,4,-3,-5,-3,-2,-1,-5,-4,-2,-28,11
1a2b_1,49,-2,2,1,0,-2,1,1,-2,0,-1,-2,1,-1,-3,1,0,2,-3,-1,0,-8,20
1a2b_1,50,-2,-4,-5,-6,3,-5,-4,-2,-1,4,0,-5,-1,0,-5,-3,-2,-5,2,5,-36,28
1a2b_1,51,-1,1,1,-1,-2,0,0,-3,1,-1,-1,3,1,-3,0,1,2,-4,-3,-2,-11,25
1a2b_1,52,-1,-5,-5,-5,-2,-5,-5,-5,-5,2,5,-5,1,1,-5,-4,0,-4,-2,1,-48,37
1a2b_1,53,-2,0,1,1,-3,5,1,-1,2,-4,-4,0,-1,-3,-4,0,0,-5,-3,-2,-22,26
1a2b_1,54,-5,-6,-6,-6,0,-6,-6,-7,-6,6,3,-6,-1,3,-6,-5,-3,-5,-4,2,-64,42
1a2b_1,55,-6,-4,-7,-7,-4,-2,-7,-7,-3,-1,2,-7,0,0,-7,-6,-2,11,1,1,-55,9
1a2b_1,56,-6,-6,-2,9,-8,-5,-2,-6,-6,-8,-8,-5,-7,-8,-6,-5,-6,-8,-7,-8,-108,53
1a2b_1,57,-4,-6,-2,-6,-6,-5,-6,-5,-6,0,-3,-5,-2,-3,-4,-1,8,-7,-1,-3,-67,41
1a2b_1,58,6,-3,-3,-3,0,-3,-4,0,-1,-5,-5,-3,-5,-3,3,1,-3,1,-5,-4,-39,28
1a2b_1,59,-2,-6,-5,-4,-7,-6,-1,7,-6,-5,-6,-6,-7,-7,-5,-1,-6,-7,-7,-7,-94,55
1a2b_1,60,-3,-2,-1,-4,-2,8,-2,-3,4,-4,-3,-1,-3,-6,-4,-1,-3,-6,-5,-3,-44,50
1a2b_1,61,-2,-1,-2,2,-7,-1,7,-4,-1,-5,-6,-3,-6,-7,0,-2,-4,-6,-6,-5,-59,15
1a2b_1,62,0,5,-2,2,-4,1,3,-3,-2,-3,-4,1,-4,-4,-4,-2,-4,-6,-1,-5,-36,23
1a2b_1,63,-4,-6,-3,-3,-6,-6,-3,-2,0,-4,-1,-3,-4,7,-7,-3,-3,1,6,-4,-48,12
1a2b_1,64,-1,4,0,2,0,1,-1,0,2,-4,-4,0,-4,-5,-1,1,2,-3,-3,-4,-18,30
1a2b_1,65,2,1,0,-1,0,-1,0,-1,-3,-2,-4,-1,-3,-4,-2,3,2,0,-2,-2,-18,0
1a2b_1,66,-3,-5,-2,-4,-3,-2,-3,-6,-3,3,4,-4,6,0,-3,-3,-2,0,-4,0,-34,16
1a2b_1,67,-1,5,0,-4,-2,-1,-3,-2,0,-2,0,-1,-3,-2,0,-1,3,2,-4,-2,-18,16
1a2b_1,68,1,2,0,2,-5,0,0,-3,-1,-2,-4,0,-3,-5,3,1,-1,-5,-3,-2,-25,7
1a2b_1,69,1,2,-2,-3,-4,1,-1,-1,2,-1,1,0,1,-2,-2,2,-2,-1,-3,-2,-14,11
1a2b_1,70,-3,-6,-4,-6,4,-4,1,0,-1,-5,-4,-5,-5,2,-6,1,-4,0,8,-3,-40,26
1a2b_1,71,0,-6,-6,-7,1,-6,-6,-7,-4,2,0,-6,3,2,-7,-2,-4,1,8,-3,-47,7
1a2b_1,72,-2,6,-1,-5,-4,2,-2,-3,0,-1,-4,2,-3,-6,1,-1,-2,-6,-4,-4,-37,10
1a2b_1,73,-1,-1,2,2,-2,0,-1,4,-2,-4,-5,1,-2,-4,-4,0,0,3,-4,-1,-19,18
1a2b_1,74,5,-5,-4,-5,1,-4,-5,2,-5,-3,-4,-4,-3,-6,-3,1,3,-6,-4,0,-49,30
1a2b_1,75,-1,-3,3,5,-4,2,0,-4,5,-4,-5,-3,0,-5,-5,0,-3,-7,-4,0,-33,16
1a2b_1,76,2,-6,-5,-6,4,-5,-6,5,-6,2,-3,-5,-4,-5,-6,-4,-4,-6,-4,3,-59,26
1a2b_1,77,2,-6,-6,-6,4,-5,-6,-4,-5,3,-2,-5,-3,5,-6,-4,-3,-4,2,3,-46,13
1a2b_1,78,-4,-6,-7,-7,2,-6,-6,-7,-7,5,4,-6,2,-2,-6,-6,-3,-1,-5,4,-62,16
1a2b_1,79,-4,-6,-7,-7,0,-6,-7,-5,-7,4,5,-6,1,-1,-7,-6,-4,-6,-2,2,-69,7
1a2b_1,80,-2,-7,-7,-8,6,-6,-7,-6,-7,-1,-1,-7,2,-2,-7,-5,-2,-7,-6,7,-73,4
1a2b_1,81,-7,-7,-8,-8,-7,-7,-8,-8,-4,-4,-5,-7,-5,6,-8,-7,-7,-3,8,1,-95,22
1a2b_1,82,2,-6,-1,6,-6,-5,-3,-5,-6,-7,-7,-5,-7,-7,-6,4,-4,-8,-7,-7,-85,10
1a2b_1,83,1,-6,-6,-6,1,-5,-6,-6,-6,5,0,-5,0,-4,-6,-4,-3,-6,-5,5,-62,23
1a2b_1,84,0,-4,1,3,0,-3,-3,-3,1,-1,-4,-4,-4,-6,-5,0,6,-6,-5,-2,-39,23
1a2b_1,85,-2,1,5,4,0,-1,-2,-3,-2,-3,-4,0,-4,-4,-4,3,-3,-5,-4,-3,-31,8
1a2b_1,86,-2,5,-3,-2,-3,2,2,-3,2,-4,-2,2,-1,-2,3,-1,-2,-4,-2,-2,-17,14
1a2b_1,87,0,-1,1,2,-4,2,3,-2,-1,-2,-3,2,-3,-4,-2,1,0,0,-1,-2,-14,3
1a2b_1,88,-3,-5,-4,-4,-5,-4,-4,-4,-5,-5,-5,-3,-5,-6,-4,7,4,-6,-5,-5,-71,57
1a2b_1,89,-5,-5,-6,-6,-3,-6,-6,-6,-4,-1,1,-6,-3,8,-6,-5,-5,-1,4,-2,-63,8
1a2b_1,90,-3,-2,2,4,-6,1,5,-5,0,-3,-2,1,-3,-5,-3,-2,-2,-6,-3,-4,-36,27
1a2b_1,91,0,1,5,-1,-4,-1,0,1,3,-3,-3,0,-2,-5,-4,1,-2,-5,-2,-3,-24,12
1a2b_1,92,-1,-5,-5,-6,2,-5,-5,-6,-5,4,2,-5,-1,-3,-5,-2,-2,-5,-3,5,-51,27
1a2b_1,93,1,2,-1,-1,-2,1,0,-1,-1,-1,-1,2,2,-2,1,1,0,-3,-2,-1,-6,45
1a2b_1,94,-2,0,1,2,-4,2,2,-3,1,-2,-2,1,-1,-3,2,1,1,-4,-3,-3,-14,8
1a2b_1,95,-1,0,0,0,2,0,0,-1,2,0,-1,0,2,1,0,-1,0,4,1,-1,7,21
1a2b_1,96,-7,0,-6,-8,-8,0,-7,-3,-1,-3,-2,-2,-4,-1,-8,-7,1,12,1,-6,-59,66
1a2b_1,97,0,0,-2,-3,-2,0,-1,-3,2,3,2,0,2,0,-4,-1,-1,-2,1,1,-8,51
1a2b_1,98,-1,0,1,1,-3,2,2,-2,-2,-3,-2,2,-1,-3,4,-1,0,-5,-4,-4,-19,11
1a2b_1,99,0,-2,-1,2,-4,0,5,-5,0,0,-1,-1,0,-2,-4,-3,-3,0,-2,-2,-23,4
1a2b_1,100,-2,-3,-5,-5,-1,-4,-2,-5,-5,5,3,-4,-1,1,-5,-5,-1,-5,-3,3,-44,21
1a2b_1,101,-3,5,2,1,-2,1,0,-4,0,-1,-2,3,-3,-4,0,-2,-1,-6,-3,-2,-21,23
1a2b_1,102,-2,2,-1,-1,-4,2,1,-1,7,-3,-3,1,-3,-4,-4,0,-1,-6,-2,-1,-23,2
1a2b_1,103,1,-2,1,-1,0,-1,-2,-1,3,-2,0,-1,-1,2,-2,0,0,-3,3,1,-5,18
1a2b_1,104,2,-2,0,0,6,-2,-1,1,-2,-2,-2,-2,-1,-4,-3,2,-1,-5,-1,0,-17,12
1a2b_1,105,1,-4,-2,2,-6,-1,2,-2,-1,-4,-4,-1,-5,-6,6,-1,-1,-7,-6,-2,-42,25
1a2b_1,106,-3,0,5,2,-3,-2,1,2,0,-5,-5,0,-4,-5,-4,1,-1,-6,-3,-2,-32,10
1a2b_1,107,0,-5,-2,-6,1,-3,-5,-6,-5,4,1,-5,0,1,-4,-3,0,-5,-2,5,-39,7
1a2b_1,108,-3,-5,-3,-5,0,-1,-3,-6,-6,-1,-4,-1,-4,-7,8,-3,-2,-7,-5,1,-57,18
1a2b_1,109,-3,-2,-4,-6,0,-4,-6,-2,-6,6,0,-1,3,2,-4,-4,-3,-5,-3,3,-39,18
1a2b_1,110,-2,-6,-6,-6,-2,-5,-6,-5,-4,5,1,-6,4,-2,-6,-5,-4,-6,-2,5,-58,19
1a2b_1,111,-5,-6,-7,-7,-5,-6,-6,-7,-6,2,6,-6,0,-3,-6,-6,-5,-6,-5,3,-81,23
1a2b_1,112,1,-6,-6,-6,4,-6,-6,-6,-6,2,1,-6,-2,-5,-6,-4,-4,-6,-5,6,-66,15
1a2b_1,113,1,-3,-5,-4,-6,-4,-6,7,-6,0,-6,-5,-4,-6,-6,-4,-5,-6,-6,-2,-76,10
1a2b_1,114,-6,-5,8,-4,2,-5,-5,-5,-2,-4,-4,-5,-4,-7,-6,-3,3,-8,-6,-2,-68,8
1a2b_1,115,-3,-1,-5,-6,-8,0,-4,-6,-6,-7,-7,8,-6,-8,-6,-5,-6,-8,-7,-7,-98,30
1a2b_1,116,0,-2,-2,-5,6,-3,-4,-3,-5,3,0,-1,0,-3,-1,2,0,-5,-2,1,-24,74
1a2b_1,117,-7,-7,-4,9,-9,-6,-4,-7,-1,-8,-9,-6,-8,-9,-7,-6,-6,-9,-8,-3,-115,91
1a2b_1,118,-4,-3,-4,-2,-1,-3,-5,-4,-5,0,5,2,2,-3,-5,-4,-1,-5,-4,-1,-45,70
1a2b_1,119,0,4,-1,0,-4,-1,2,-2,-2,-2,-2,0,-2,-4,3,-1,-1,-2,-2,-1,-18,27
1a2b_1,120,-1,0,2,3,-1,-1,2,0,2,-2,-3,0,-2,-1,-2,1,0,-3,-3,-2,-11,7
1a2b_1,121,1,1,0,3,-2,0,2,1,0,-2,-2,0,-2,-2,0,0,0,-2,-1,-2,-7,4
1a2b_1,122,0,1,1,1,-2,1,1,-1,-1,-1,-1,1,-1,-1,1,1,-1,-2,-1,-1,-5,2
1a2b_1,123,0,0,0,0,-1,0,0,0,1,-1,-1,0,-1,-1,2,1,0,-2,-1,0,-4,1
1a2b_1,124,0,0,0,1,-1,0,0,-1,0,0,0,0,0,0,0,0,1,0,0,0,0,4
1a2b_1,125,0,2,0,0,-2,0,0,-1,-1,0,0,1,0,-1,0,0,0,-1,-1,0,-4,4
1a2b_1,126,0,1,0,0,-1,1,1,-1,0,0,-1,1,0,-1,0,0,0,-1,-1,0,-2,2
1a2b_1,127,0,1,0,0,-1,1,1,0,-1,-1,0,2,0,-1,-1,0,0,-1,-1,-1,-3,1
1a2b_1,128,0,0,0,-1,-1,0,0,-1,-1,1,2,-1,1,0,-1,0,1,-1,-1,0,-3,0
1a2b_1,129,1,0,0,0,-1,1,2,0,0,-1,-1,0,0,-2,1,1,0,-2,-1,-1,-3,0
1a2b_1,130,-1,0,0,0,-2,1,1,-1,0,0,1,1,0,0,0,0,0,-1,0,-1,-2,1
1a2b_1,131,0,0,0,0,0,1,1,0,2,0,0,0,1,-1,0,0,0,-2,-1,0,1,3
1a2b_1,132,0,1,1,0,-1,1,2,0,1,-2,-1,2,-1,-2,-1,0,0,-1,-1,-1,-3,4
1a2b_1,133,0,0,0,-1,0,3,1,-2,2,-1,0,2,1,-2,-2,0,-1,-1,0,-2,-3,0
1a2b_1,134,-2,5,-2,0,-2,0,1,0,1,-3,-3,2,-3,-2,-3,0,-1,-2,-1,-3,-18,15
1a2b_1,135,0,-2,0,-2,1,3,1,-2,-3,0,-1,-1,-2,-1,3,-1,-1,0,-3,1,-10,8
1a2b_1,136,-4,-5,-2,-4,-1,-5,-4,-4,-5,4,0,-4,-2,-4,-5,-4,-3,-5,-3,6,-54,44
1a2b_1,137,-1,-1,-1,1,-3,1,-1,-2,-3,-2,-3,0,-1,-3,3,3,2,-4,-3,-2,-20,34
1a2b_1,138,-1,0,-1,-1,-3,0,2,-2,-1,-1,-2,0,-2,0,2,0,2,-1,2,-1,-8,12
1a2b_1,139,-1,-1,0,2,-4,2,5,-3,0,-3,-3,0,-1,-4,-2,0,-1,-3,-3,-2,-22,14
1a2b_1,140,-2,-1,-2,2,-4,3,4,-4,0,-2,-3,0,-1,-1,-4,-2,-2,5,-1,-3,-18,4
1a2b_1,141,3,-4,-3,-2,-4,-4,-4,6,-2,-2,-3,-4,-1,-4,-3,-2,-3,-1,-4,-2,-43,25
1a2b_1,142,-1,1,0,0,-1,3,3,-1,0,-1,0,2,0,-2,-1,-1,-2,-2,-2,-1,-6,37
1a2b_1,143,2,1,0,1,-3,2,2,-1,-1,-2,-1,2,-1,-3,-2,0,-1,-3,-2,-2,-12,6
1a2b_1,144,-3,-3,-2,-4,0,-3,-3,-4,-3,-1,3,-1,4,4,-3,-3,-1,4,2,0,-17,5
1a2b_1,145,5,-1,-2,-3,4,-2,-2,-2,-3,-1,-3,-2,-2,-2,-3,-1,-2,-4,-2,-1,-29,12
1a2b_1,146,-1,2,0,1,-2,1,2,-2,-2,-3,-2,4,0,-3,-1,-1,-1,-3,-3,-3,-17,12
1a2b_1,147,-1,1,0,1,-2,1,3,-2,-1,-1,-2,2,-1,-2,-2,1,-1,-2,-3,-2,-13,4
1a2b_1,148,-2,-1,0,-2,-1,-1,-1,-2,2,3,2,0,1,1,-2,-2,-1,3,1,0,-2,11
1a2b_1,149,-3,0,3,-1,-5,-2,0,5,0,-5,-4,1,-4,-3,-3,-2,-3,0,-4,-5,-35,33
1a2b_1,150,3,-1,1,2,3,-1,-1,-2,-2,0,0,-1,-1,0,-2,0,-1,-3,-2,-1,-9,26
1a2b_1,151,-1,-2,-2,-2,2,-2,-1,-3,-2,3,1,-2,2,1,-2,-1,1,-3,0,2,-11,2
1a2b_1,152,0,0,-2,-1,1,1,0,0,1,-1,-1,2,0,-3,3,0,0,-3,-1,-1,-5,6
1a2b_1,153,-5,-7,-6,-7,4,-7,-4,-7,-1,-4,-3,-7,-4,7,-7,-6,-4,2,7,-3,-62,57
1a2b_1,154,-4,-4,-6,-6,1,-2,-6,-5,-1,3,2,-5,4,4,-6,-4,-2,0,3,3,-31,31
1a2b_1,155,-4,-2,-3,0,-8,-2,8,-7,-4,-8,-7,-3,-7,-4,-1,-3,-6,-7,-5,-7,-80,49
1a2b_1,156,-1,-7,-6,-7,8,-6,-7,-6,-7,2,-4,-6,-2,-6,-6,-3,5,-7,-6,3,-69,11
1a2b_1,157,-5,-4,-5,-6,-7,-6,-6,-6,-7,-8,-8,-6,-7,-8,-7,8,-3,-9,-8,-8,-116,47
1a2b_1,158,7,-7,-7,-7,-2,-6,-6,-4,-7,-5,-7,-6,-6,-7,-3,1,-3,-8,-7,-2,-92,24
1a2b_1,159,-1,1,-5,-6,-3,-3,-3,-6,-6,-6,2,7,-3,-3,-6,-3,-4,-7,-4,-4,-63,29
1a2b_1,160,-1,-3,2,2,-1,0,2,-5,-1,-3,-1,0,-2,-2,-5,0,4,-6,-2,-2,-24,39
1a2b_1,161,0,2,4,0,-3,2,-3,3,0,-6,-3,0,-1,-4,-4,1,-3,-6,-3,-5,-29,5
1a2b_1,162,-2,0,-1,0,-2,2,2,-4,1,2,-1,1,0,1,-4,-1,1,0,2,-1,-4,25
1a2b_1,163,-5,-3,8,-3,-4,-2,-4,3,0,-8,-6,-3,-4,-8,-7,-2,-4,-8,-6,-8,-74,70
1a2b_1,164,-4,-7,-7,-8,-5,-7,-7,-8,-7,5,1,-7,-3,-1,-7,-6,-3,-7,-3,6,-85,11
1a2b_1,165,-3,0,2,4,-3,1,4,-4,-1,-3,-4,2,-5,-4,-4,-1,-1,-6,-2,-2,-30,55
1a2b_1,166,0,-3,0,2,-3,2,5,-3,-2,-5,-2,1,-2,-4,-4,-2,-1,-6,-4,-5,-36,6
1a2b_1,167,3,-5,-6,-6,0,-5,-5,-5,-6,1,2,-5,1,-3,1,-1,-2,-6,-5,3,-49,13
1a2b_1,168,-5,-8,-9,-9,-8,-8,-9,-9,-7,-3,1,-8,-1,9,-9,-6,-6,-5,-1,-4,-105,56
1a2b_1,169,-3,0,0,2,-4,2,3,-5,2,-1,0,-2,0,0,-4,-1,0,-4,3,-2,-14,91
1a2b_1,170,0,0,-1,0,1,0,2,-2,0,-1,0,0,2,-1,-3,0,2,2,1,-1,1,15
1a2b_1,171,3,-6,-6,-6,2,-5,-6,-6,-6,3,4,-5,0,-3,-6,-4,-3,-6,-5,2,-59,60
1a2b_1,172,3,-4,-3,-5,1,1,-4,-3,-4,3,0,-4,-1,-3,-4,-1,0,-5,-3,3,-33,26
1a2b_1,173,-1,6,-3,-1,-6,-1,0,-5,0,-4,-1,4,-2,-5,-5,-1,-2,-6,-5,-2,-40,7
1a2b_1,174,2,-1,0,0,0,1,3,-3,-2,0,0,0,-2,-3,-3,-1,0,-4,-3,0,-16,24
1a2b_1,175,3,-6,-6,-6,0,-5,-6,-4,-4,5,0,-5,-2,-4,-5,-3,-3,-6,-4,4,-57,41
1a2b_1,176,-4,0,-6,-6,-4,-2,-4,-6,-5,2,5,-2,2,2,-6,-3,-1,-4,0,-2,-44,13
1a2b_1,177,-3,0,3,-2,-6,4,4,-4,5,-6,-5,3,-4,-6,-4,-2,-2,-5,-4,-5,-39,5
1a2b_1,178,5,-3,-2,-3,-2,-2,-2,0,-3,-3,-3,-2,-3,-4,-2,3,1,-4,-3,-2,-34,5
